emso,ime,priimek,naslov,email,rojstvo,telefon,zaposleni
557-55-3935,Maire,Sitwell,32 Charing Cross Parkway,msitwell0@google.co.uk,1910-12-18,484-715-2167,FALSE
106-71-1134,Orville,Dumphry,7 Vernon Parkway,odumphry1@smugmug.com,1916-03-09,608-910-4549,FALSE
403-34-8892,Adham,Connor,443 Welch Trail,aconnor2@miibeian.gov.cn,1961-05-24,361-470-1118,FALSE
127-27-9097,Phillipe,Waberer,4818 Granby Point,pwaberer3@scribd.com,1991-02-22,562-423-5649,FALSE
160-38-4278,Karil,Leverette,0 Corry Circle,kleverette4@oaic.gov.au,1920-02-28,884-366-3595,FALSE
237-31-4782,Marian,Yoodall,8704 Menomonie Circle,myoodall5@issuu.com,1950-05-24,849-203-7977,FALSE
854-46-2776,Vida,Pietersma,99 Jackson Crossing,vpietersma6@dyndns.org,1917-08-19,457-711-9815,FALSE
334-46-4585,Teodoro,Berggren,17755 Birchwood Lane,tberggren7@free.fr,1935-04-27,938-362-5823,FALSE
105-40-4057,Eimile,Wallentin,3064 Nevada Drive,ewallentin8@drupal.org,1915-09-08,275-354-9875,FALSE
619-88-7599,Gabi,Starmore,497 Mifflin Center,gstarmore9@meetup.com,1985-01-25,356-186-8374,FALSE
139-52-4766,Loraine,Currm,600 Acker Road,lcurrma@vistaprint.com,1939-09-09,817-979-0246,
425-49-5005,Matteo,Brugsma,1902 Schlimgen Drive,mbrugsmab@lulu.com,1917-04-17,538-777-8972,FALSE
269-51-5979,Laurie,Anniwell,7 Birchwood Park,lanniwellc@pbs.org,1924-08-13,424-279-6666,FALSE
269-13-0672,Lisbeth,MacAvaddy,96029 Hintze Drive,lmacavaddyd@harvard.edu,1970-04-28,562-499-1638,FALSE
885-46-4558,Danit,Fulle,89 Grayhawk Street,dfullee@cnn.com,1966-08-27,701-217-1033,
615-31-7423,Hamil,Hattersley,57 Lawn Plaza,hhattersleyf@walmart.com,1956-12-18,421-215-5154,FALSE
583-93-0121,Devan,Nanuccioi,649 Buell Center,dnanuccioig@mashable.com,1991-03-09,103-738-6027,FALSE
600-58-7371,Christoph,Parnall,94 Independence Hill,cparnallh@oracle.com,1933-03-12,517-357-0564,FALSE
184-45-5723,Zollie,MacGowing,76620 Tennyson Park,zmacgowingi@wiley.com,1964-01-11,951-723-5903,FALSE
523-34-6793,Cristie,Ganforth,9 Northfield Center,cganforthj@pcworld.com,1932-01-23,181-292-6510,FALSE
377-19-6756,Meta,Flowerden,662 Waubesa Drive,mflowerdenk@bbc.co.uk,1975-09-19,228-321-9785,FALSE
672-52-1596,Evan,Perl,20 Fairview Alley,eperll@360.cn,1926-06-03,846-435-6269,FALSE
266-10-1227,Gwenni,Burgin,3 Boyd Terrace,gburginm@woothemes.com,1982-01-16,177-684-9160,FALSE
609-81-8500,Grantham,Wyon,13087 Ilene Street,gwyonn@diigo.com,1987-03-10,781-460-9323,FALSE
849-75-3213,Hardy,Carr,86599 Erie Hill,hcarro@latimes.com,1920-08-27,364-497-4078,FALSE
247-69-5862,Bobby,McKyrrelly,38317 Old Gate Way,bmckyrrellyp@examiner.com,1993-03-23,935-925-1094,FALSE
701-06-5302,Melody,Webb-Bowen,931 Waubesa Hill,mwebbbowenq@friendfeed.com,1982-04-26,274-345-2724,FALSE
244-80-2357,Eilis,Pineaux,9232 Prentice Center,epineauxr@digg.com,1935-10-05,857-806-9511,FALSE
155-37-3476,Jarred,Nizard,73 Springs Avenue,jnizards@blogs.com,1947-08-13,170-636-5311,FALSE
718-62-8274,Risa,Mancktelow,18370 Golf Course Way,rmancktelowt@goo.gl,1962-04-26,512-103-9206,FALSE
772-93-4094,Robbyn,Campelli,19084 Del Sol Terrace,rcampelliu@cbc.ca,1930-08-27,491-438-4057,FALSE
476-48-2424,Bartolomeo,Eirwin,79 Trailsway Junction,beirwinv@nydailynews.com,1937-09-21,341-651-3919,FALSE
375-23-3766,Afton,Coll,7273 Fair Oaks Road,acollw@stumbleupon.com,1946-06-16,950-787-0155,FALSE
249-33-1892,Agustin,Strutz,46248 Prairie Rose Court,astrutzx@yale.edu,1959-12-22,562-671-0534,FALSE
469-68-9847,Don,Tilley,10468 Dexter Way,dtilleyy@youku.com,1932-03-04,987-122-6282,FALSE
432-01-9445,Sharyl,Rustadge,6 Golf Course Terrace,srustadgez@pinterest.com,1951-08-11,459-395-0659,
316-54-2995,Terrye,Dunlop,67 Utah Plaza,tdunlop10@twitter.com,1955-10-11,588-766-9638,FALSE
331-19-2389,Doralynn,Totterdell,1 Kedzie Street,dtotterdell11@51.la,1917-05-07,863-126-2825,
614-22-0989,Misty,Sidebotton,68 Hooker Hill,msidebotton12@mozilla.com,2002-02-06,290-128-5651,FALSE
136-47-1756,Lawrence,Forster,709 Leroy Avenue,lforster13@cisco.com,1954-10-30,667-297-3079,
294-10-6913,Denny,Lindermann,371 Fallview Terrace,dlindermann14@timesonline.co.uk,1960-09-08,953-772-6653,FALSE
583-50-5414,Corene,Mathivet,80 Carey Road,cmathivet15@biblegateway.com,1919-02-17,157-473-0160,FALSE
223-48-9971,Cicily,Pinnell,29296 Mcbride Crossing,cpinnell16@webnode.com,1942-12-10,253-976-7103,FALSE
501-79-3712,Florella,Pinson,94271 Harbort Place,fpinson17@surveymonkey.com,1907-10-23,583-337-2996,
836-37-0269,Malissia,Hobbing,81 Nobel Road,mhobbing18@wired.com,1944-06-07,487-735-4955,FALSE
272-51-3074,Keen,Gorelli,31 Service Circle,kgorelli19@technorati.com,1997-02-01,375-604-3741,FALSE
455-21-7811,Beatrisa,Yurikov,1361 Riverside Place,byurikov1a@who.int,1981-07-11,627-619-5524,FALSE
601-07-8034,Cammy,Fonzone,80 Banding Terrace,cfonzone1b@telegraph.co.uk,1911-11-15,279-515-1322,FALSE
586-47-0784,Janaye,Derrington,7111 Grasskamp Avenue,jderrington1c@bandcamp.com,1994-09-01,916-119-0045,FALSE
859-52-3734,Bradley,Lawlie,3663 Shelley Court,blawlie1d@liveinternet.ru,1997-01-14,856-102-0234,FALSE
602-41-4851,Gayle,Sherred,45 Meadow Valley Street,gsherred1e@ted.com,1986-07-22,271-421-0378,
186-47-3143,Garvey,Wivell,078 Ruskin Circle,gwivell1f@foxnews.com,1996-05-25,743-604-2591,FALSE
312-57-3752,Kelsy,Monroe,67 Corscot Drive,kmonroe1g@yellowpages.com,1968-10-31,135-695-4368,FALSE
289-78-3901,Roselin,Petrazzi,9469 Waxwing Parkway,rpetrazzi1h@infoseek.co.jp,1928-01-17,626-994-3416,FALSE
317-11-4139,Jillie,Ridsdell,3781 Eagle Crest Lane,jridsdell1i@t.co,1938-07-23,235-990-7526,FALSE
510-37-7538,Bobette,Bendixen,13597 Schmedeman Way,bbendixen1j@businessweek.com,1925-10-07,365-758-7115,FALSE
565-79-1002,Melodie,Cicchillo,5 3rd Road,mcicchillo1k@admin.ch,1976-06-13,290-598-0656,FALSE
878-10-1061,Brannon,Andreopolos,25 Memorial Road,bandreopolos1l@gravatar.com,1901-02-18,246-793-5643,FALSE
740-81-3681,Caryl,Treffry,01 Claremont Drive,ctreffry1m@whitehouse.gov,1981-09-07,344-675-8025,
585-27-8941,Roxanne,Wysome,590 Orin Parkway,rwysome1n@epa.gov,1996-05-26,537-282-6703,FALSE
419-37-4104,Clay,Manderson,391 Katie Alley,cmanderson1o@soundcloud.com,1927-03-29,320-121-6058,FALSE
842-48-3714,Mirabelle,Shutle,452 Northport Alley,mshutle1p@cornell.edu,1924-06-09,403-409-9802,FALSE
669-83-4332,Whitney,Colls,98 Mcbride Plaza,wcolls1q@nba.com,1901-09-29,455-455-7823,FALSE
303-11-0764,Erena,Dregan,636 Lighthouse Bay Junction,edregan1r@smugmug.com,1921-04-29,631-221-2772,FALSE
726-93-8055,Whitaker,Francom,87 Goodland Alley,wfrancom1s@devhub.com,1916-07-18,377-877-2908,
483-37-9646,Janine,Cheshire,24 Melrose Trail,jcheshire1t@fc2.com,1909-09-06,754-519-9627,FALSE
261-39-9469,Dionysus,Kelloch,4142 Badeau Avenue,dkelloch1u@gravatar.com,1918-12-19,216-983-9973,FALSE
223-21-2362,Wilie,Augustus,200 Clove Circle,waugustus1v@cmu.edu,1965-05-30,809-233-8621,FALSE
818-89-7396,Tymon,Di Filippo,56659 Moland Drive,tdifilippo1w@sina.com.cn,1996-04-14,180-879-9299,FALSE
406-33-1263,Wendel,Seckom,7358 Warner Center,wseckom1x@yellowpages.com,1979-10-19,579-169-5260,
662-05-0888,Dillon,Gladstone,801 Schurz Junction,dgladstone1y@angelfire.com,1975-07-06,172-287-6049,FALSE
836-08-8105,Wyatan,Scola,9 Anderson Court,wscola1z@feedburner.com,1909-12-30,996-705-9463,FALSE
788-08-5723,Kameko,Creedland,9 Caliangt Junction,kcreedland20@1und1.de,1932-07-06,602-728-4051,FALSE
650-18-2353,Laney,Kreuzer,290 Bultman Crossing,lkreuzer21@ning.com,1974-11-20,518-726-8388,FALSE
845-80-7499,Lesli,Elsmore,44347 Grayhawk Road,lelsmore22@com.com,1943-01-05,243-223-9764,FALSE
757-11-1589,Jobi,Kittle,90 Ridgeway Circle,jkittle23@smh.com.au,1911-04-22,130-837-0374,FALSE
715-82-1576,Simon,Grimley,3447 Bunker Hill Parkway,sgrimley24@themeforest.net,1916-04-15,140-161-7025,FALSE
620-79-0051,Woodman,Strudwick,6 Portage Junction,wstrudwick25@cyberchimps.com,1938-01-26,156-792-1417,FALSE
450-43-8000,Aubrey,Joselevitz,64851 Utah Hill,ajoselevitz26@odnoklassniki.ru,1965-10-23,996-106-6406,FALSE
863-21-6708,Linet,Lemmens,80337 Summerview Pass,llemmens27@ucoz.ru,1973-04-09,171-123-7336,FALSE
410-84-4805,Benjie,Rodnight,65497 Ryan Drive,brodnight28@freewebs.com,1902-03-16,765-292-5647,FALSE
356-84-8124,Jessie,Cady,45 Dahle Terrace,jcady29@squarespace.com,1987-05-06,275-422-8620,FALSE
341-50-6564,Bat,Tarquini,91 Badeau Parkway,btarquini2a@dailymail.co.uk,1906-06-20,518-669-3574,FALSE
599-69-6575,Melesa,Gervaise,020 Garrison Alley,mgervaise2b@booking.com,1930-10-25,587-873-3430,FALSE
882-87-8938,Rosalia,McNirlan,6 Westridge Terrace,rmcnirlan2c@cbc.ca,1993-08-05,842-168-6887,FALSE
249-69-6298,Donalt,Broxholme,60237 Birchwood Drive,dbroxholme2d@nature.com,1915-03-20,481-998-7214,FALSE
702-52-7126,Rutter,Shelley,2915 Michigan Alley,rshelley2e@mac.com,1942-05-17,248-440-5098,FALSE
342-53-6144,Rochette,Livsey,59825 Amoth Place,rlivsey2f@redcross.org,1915-01-04,556-801-9164,FALSE
303-54-4422,Tonnie,McCreagh,22997 Warrior Alley,tmccreagh2g@cnn.com,1955-05-03,326-299-4793,FALSE
841-62-6847,Keelia,Drogan,83 Bellgrove Drive,kdrogan2h@opera.com,1958-05-10,939-869-4985,FALSE
219-23-0560,Keriann,Langforth,93120 Clove Point,klangforth2i@github.io,1967-03-09,821-679-8160,FALSE
712-65-1839,Gerrie,Brind,90 Mccormick Point,gbrind2j@usgs.gov,1984-06-17,537-951-0822,FALSE
594-91-3017,Kenny,Langsdon,1 Maple Parkway,klangsdon2k@zimbio.com,1939-02-02,202-188-7230,FALSE
264-85-4282,Emlen,Ouchterlony,2627 Gale Parkway,eouchterlony2l@omniture.com,1970-04-14,709-822-7325,FALSE
346-47-5891,Gabrielle,Kinforth,7304 Grayhawk Trail,gkinforth2m@unc.edu,1971-03-04,662-266-9676,FALSE
440-75-2440,Hyacinthie,Narducci,3 Dexter Drive,hnarducci2n@answers.com,1925-11-26,512-882-1985,FALSE
262-73-9394,Launce,Squeers,639 Nobel Trail,lsqueers2o@youtube.com,1945-11-21,148-178-6352,FALSE
561-29-5221,Denyse,Dmitrovic,5 Judy Pass,ddmitrovic2p@chronoengine.com,1982-10-24,983-127-0855,FALSE
149-83-2485,Hugibert,Luckett,2 Glendale Lane,hluckett2q@qq.com,1964-06-11,609-289-9995,FALSE
440-67-1226,Vachel,Pinckney,921 Lighthouse Bay Way,vpinckney2r@goodreads.com,1979-01-26,697-490-4247,FALSE
250-87-8788,Myrtia,Warde,4849 Helena Center,mwarde2s@bloglovin.com,1978-07-20,142-563-3872,
659-49-2346,Olympia,Ivakhno,00867 Pierstorff Center,oivakhno2t@prweb.com,1967-09-03,468-274-8929,FALSE
200-83-3827,Tybie,Zorzin,48525 Troy Plaza,tzorzin2u@fastcompany.com,1902-09-30,966-176-7600,FALSE
607-59-9427,Chet,Gwinnel,845 Ramsey Way,cgwinnel2v@com.com,1942-01-27,463-462-7167,FALSE
270-55-5873,Terrance,Erskin,183 Caliangt Way,terskin2w@webmd.com,1989-12-20,960-233-9166,FALSE
173-56-6124,Haley,Trodden,1 Express Hill,htrodden2x@elpais.com,1945-08-09,954-405-2585,FALSE
646-05-1528,Karney,Cowdry,74 Glendale Way,kcowdry2y@sphinn.com,1984-12-06,457-577-4638,
273-96-5411,Kienan,Madner,31383 Knutson Drive,kmadner2z@weebly.com,1925-05-16,283-278-6623,FALSE
623-27-3498,Mildrid,Boni,931 Melby Pass,mboni30@admin.ch,1989-05-26,410-758-2735,FALSE
308-03-9376,Brandais,Labroue,2390 Briar Crest Pass,blabroue31@webnode.com,1903-04-22,555-677-8277,FALSE
118-21-6675,Grange,Coote,94 1st Junction,gcoote32@yellowpages.com,1942-04-09,275-654-5120,FALSE
231-09-5752,Teddie,McGuffog,38 Northland Drive,tmcguffog33@nationalgeographic.com,1933-12-12,828-112-1183,FALSE
638-74-7207,Abner,Swendell,68831 Walton Drive,aswendell34@biblegateway.com,1980-09-20,545-118-7918,
658-63-9457,Giffie,Geraudel,61338 Bay Point,ggeraudel35@webmd.com,1951-04-17,244-369-0635,FALSE
862-12-5276,Andrea,Champkins,8266 Larry Court,achampkins36@fda.gov,1994-01-23,642-102-4569,FALSE
871-57-5392,Fabio,Lauxmann,150 New Castle Circle,flauxmann37@cargocollective.com,1940-12-11,892-300-5391,FALSE
113-35-0392,Camel,Griffitt,5 Shelley Park,cgriffitt38@statcounter.com,1929-02-08,829-730-6775,FALSE
610-29-9726,Eleni,Ness,4 Kenwood Place,eness39@ihg.com,1995-08-10,369-354-0809,FALSE
315-47-2172,Betta,Beauly,4 Cottonwood Alley,bbeauly3a@phpbb.com,1911-02-15,441-284-1282,FALSE
528-05-4213,Ara,Langfitt,2879 Union Avenue,alangfitt3b@gnu.org,1968-04-08,926-630-0391,FALSE
706-73-4564,Brigitta,Safe,29458 Paget Lane,bsafe3c@biglobe.ne.jp,1918-04-01,118-421-7296,FALSE
534-71-5277,Farleigh,Hartright,20890 Macpherson Court,fhartright3d@cbsnews.com,1967-05-29,512-511-9734,FALSE
832-05-8206,Slade,Courtman,3 Logan Parkway,scourtman3e@berkeley.edu,1977-01-25,563-266-8153,FALSE
108-89-5239,Marci,Rosini,493 Lotheville Hill,mrosini3f@twitpic.com,1951-09-27,168-960-0158,FALSE
216-41-6162,Gawain,Rogerson,5 Hansons Terrace,grogerson3g@nyu.edu,1901-10-26,565-351-4445,FALSE
503-66-1183,Thorsten,Lemasney,84 Helena Court,tlemasney3h@imgur.com,1932-07-08,141-639-4535,FALSE
837-98-9470,Lucienne,Alexandersen,04666 Anzinger Drive,lalexandersen3i@elpais.com,1970-11-11,749-652-8623,FALSE
650-79-0630,Murielle,Seddon,33 Westridge Alley,mseddon3j@sitemeter.com,1962-01-28,725-334-6684,FALSE
549-37-4110,Clarke,Sheals,71217 Kensington Road,csheals3k@cdc.gov,1982-09-24,587-972-1761,FALSE
276-30-0173,Isaak,Eitter,52781 Riverside Junction,ieitter3l@creativecommons.org,1923-06-01,490-509-1133,
818-15-7261,Aeriel,Staziker,1880 Hayes Center,astaziker3m@statcounter.com,1973-11-08,260-404-4667,FALSE
160-63-5499,Di,Yole,904 Norway Maple Lane,dyole3n@chron.com,1912-12-25,274-241-1323,FALSE
123-90-0577,Barr,Bonellie,4723 Clarendon Pass,bbonellie3o@hibu.com,1977-03-01,617-140-9348,FALSE
271-22-3590,Townsend,Prendeville,5 Alpine Plaza,tprendeville3p@bbb.org,1927-02-27,763-579-1092,
479-77-2971,Bastien,Larret,270 Lakeland Center,blarret3q@cmu.edu,1973-08-13,718-943-5630,FALSE
681-38-6831,Prudence,Horlock,5494 Dorton Parkway,phorlock3r@soundcloud.com,1993-05-18,999-177-6544,FALSE
577-07-4137,Niels,Woolforde,3163 Lawn Lane,nwoolforde3s@google.com.au,1962-05-20,566-220-5424,FALSE
583-61-4288,Brok,Timbrell,65685 Hermina Circle,btimbrell3t@mtv.com,1987-07-09,831-306-5955,FALSE
477-38-5728,Neely,Brehat,42 Merry Drive,nbrehat3u@over-blog.com,1929-09-10,342-748-7493,FALSE
198-37-4634,Raff,Montilla,99243 Bluejay Park,rmontilla3v@engadget.com,1963-07-31,286-470-3725,FALSE
688-37-4914,Alvis,Seath,94642 Loeprich Park,aseath3w@nature.com,2001-07-01,926-311-3383,FALSE
705-64-9671,Jefferson,Hars,0 Warrior Way,jhars3x@hhs.gov,1914-07-22,573-205-5435,FALSE
715-81-3884,Nanice,Pieper,260 Oxford Pass,npieper3y@ucla.edu,1975-08-30,195-332-0432,FALSE
378-07-9519,Barbey,Powderham,6262 Kipling Way,bpowderham3z@theguardian.com,1921-05-12,559-768-5223,FALSE
153-85-1449,Mollee,Powder,07500 Bashford Street,mpowder40@de.vu,1970-12-09,461-818-0473,FALSE
329-70-7849,Bryce,Bufton,64185 Holmberg Pass,bbufton41@prweb.com,2000-01-08,647-416-8038,FALSE
130-29-1821,Davina,Penny,8954 Brown Way,dpenny42@google.fr,1960-10-11,181-111-8514,FALSE
897-65-3333,Timotheus,Darling,6 Loomis Hill,tdarling43@go.com,1997-11-09,713-134-5465,FALSE
522-99-4292,Mathilde,Cranna,05754 Schlimgen Court,mcranna44@patch.com,1936-02-07,940-480-9142,FALSE
550-48-6678,Dilly,Hopewell,7 Almo Avenue,dhopewell45@sfgate.com,1961-08-07,875-199-9485,FALSE
899-60-4250,Elie,Doubrava,81484 Dovetail Alley,edoubrava46@google.com.au,1958-08-31,572-625-6841,FALSE
344-75-1934,Marco,Chamberlin,7614 Ridgeway Crossing,mchamberlin47@deliciousdays.com,1948-05-14,650-699-0436,FALSE
871-77-5111,Jaquenetta,McCromley,002 Harper Court,jmccromley48@japanpost.jp,1985-04-16,228-964-4819,FALSE
383-98-8618,Christie,Greenhall,7 Graceland Street,cgreenhall49@nps.gov,1991-12-15,783-549-8747,
874-96-9352,Maggee,Costall,47616 Oxford Pass,mcostall4a@chronoengine.com,1928-07-20,807-827-5554,FALSE
274-03-7673,Athene,Matthisson,0030 Bashford Street,amatthisson4b@desdev.cn,1964-07-16,903-802-3885,FALSE
116-55-1829,Therese,Streets,68 Forster Park,tstreets4c@mozilla.org,1999-12-06,139-493-6400,FALSE
784-11-8452,Bambie,MacDermid,162 Loomis Junction,bmacdermid4d@gizmodo.com,1994-09-15,920-202-3945,FALSE
124-24-5811,Lorette,Moss,4 Alpine Center,lmoss4e@flavors.me,1969-09-14,387-148-0400,FALSE
534-25-7497,Viva,Brisset,528 Eagan Alley,vbrisset4f@storify.com,1937-08-08,777-239-2629,FALSE
198-68-4092,Nikolaos,Elia,83 Steensland Lane,nelia4g@cocolog-nifty.com,2000-07-22,774-453-9218,FALSE
106-76-9965,Madeline,Lake,460 Tennessee Trail,mlake4h@xinhuanet.com,1912-10-06,734-200-9599,FALSE
707-26-3670,Ikey,Cassella,48709 Moose Trail,icassella4i@sciencedaily.com,1989-11-01,308-688-6131,FALSE
758-58-1262,Oliviero,Georgins,27 Karstens Hill,ogeorgins4j@arizona.edu,1983-03-14,406-448-3239,FALSE
787-33-1639,Brigitte,Keeping,71358 Bobwhite Parkway,bkeeping4k@europa.eu,1966-05-26,181-526-3216,FALSE
370-53-3011,Loree,Vasyushkhin,012 Bunker Hill Crossing,lvasyushkhin4l@google.com.hk,1985-05-16,720-390-8919,FALSE
393-50-3583,Gannon,Blogg,13309 Northport Avenue,gblogg4m@cornell.edu,1902-11-25,960-111-4624,FALSE
444-42-2771,Dniren,Gaine of England,9483 Elka Plaza,dgaineofengland4n@unicef.org,1968-06-26,581-169-4199,FALSE
532-75-7179,Ingar,Heasley,26513 Blackbird Park,iheasley4o@feedburner.com,1958-07-19,757-379-2577,FALSE
825-40-0067,Arther,Guyonnet,38 Grasskamp Point,aguyonnet4p@pinterest.com,1929-01-08,762-196-5774,
512-37-8172,Rosamond,Ancliffe,233 Pleasure Road,rancliffe4q@rambler.ru,1905-06-10,527-937-6627,FALSE
326-46-4491,Jakie,Tottem,3 Straubel Parkway,jtottem4r@newsvine.com,1938-02-17,590-339-8420,FALSE
836-92-8200,Demeter,Langshaw,178 Anderson Plaza,dlangshaw4s@deliciousdays.com,1933-10-18,223-907-4888,FALSE
453-91-3928,Oralee,Kinnerley,57143 Fair Oaks Hill,okinnerley4t@parallels.com,1990-04-23,739-298-5600,FALSE
663-89-8072,Ingrid,Tattam,66 Eastwood Parkway,itattam4u@shutterfly.com,1938-09-08,473-332-0638,FALSE
610-86-2025,Myer,Sweetman,592 Coleman Street,msweetman4v@devhub.com,1954-03-31,120-151-2882,FALSE
875-12-5099,Alysa,Nend,74 Ridge Oak Drive,anend4w@boston.com,1926-08-03,302-635-3216,FALSE
691-50-1442,Burton,Clemerson,67678 Warner Drive,bclemerson4x@mapquest.com,1936-07-20,431-568-7100,FALSE
571-81-6809,Petra,Taffurelli,63502 Red Cloud Hill,ptaffurelli4y@histats.com,1953-12-05,199-916-4635,FALSE
357-30-6601,Warde,Loalday,287 Sherman Terrace,wloalday4z@goo.gl,1950-04-24,938-336-4005,FALSE
683-47-9738,Gleda,Whitty,65 Alpine Street,gwhitty50@reuters.com,1988-10-01,506-151-7356,FALSE
109-11-5231,Dino,Coughlin,92098 Brown Junction,dcoughlin51@rediff.com,1958-07-19,932-837-4792,FALSE
249-13-3215,Ferdinande,Bruneau,9195 Annamark Road,fbruneau52@auda.org.au,2000-06-10,999-130-9377,FALSE
644-99-2616,Lucio,Ellson,62 Dottie Road,lellson53@nature.com,1986-11-06,682-798-2728,FALSE
879-88-9861,Marjie,Allcroft,43126 Packers Alley,mallcroft54@networksolutions.com,1943-12-17,418-657-9480,FALSE
766-73-1757,Shirlee,Senecaux,4 Clyde Gallagher Alley,ssenecaux55@wordpress.com,1957-02-13,361-561-2607,FALSE
760-25-2029,Garth,Webberley,1 Bluejay Junction,gwebberley56@go.com,1962-04-04,476-729-4750,FALSE
583-39-2674,Rolland,Esser,683 Burrows Parkway,resser57@cloudflare.com,1961-07-04,383-482-0110,FALSE
858-31-9926,Kaycee,Hardern,45 Main Place,khardern58@e-recht24.de,1966-05-21,683-636-4481,FALSE
545-71-2835,Violante,Hyne,38 New Castle Terrace,vhyne59@sciencedirect.com,1959-04-01,760-849-3144,FALSE
267-13-3642,Lenka,Nortcliffe,7123 Texas Lane,lnortcliffe5a@twitter.com,1972-05-28,148-180-7669,FALSE
872-33-9695,Worth,Cubley,4 Springs Crossing,wcubley5b@java.com,1950-10-01,701-802-0271,FALSE
367-50-5538,Roi,Binton,632 Bluestem Hill,rbinton5c@pinterest.com,1927-11-05,626-414-9150,FALSE
641-21-1366,Deerdre,Augur,793 Thompson Park,daugur5d@behance.net,1987-05-20,976-239-7592,FALSE
611-27-0222,Maryann,Doumic,52318 Wayridge Hill,mdoumic5e@studiopress.com,1931-12-16,187-302-0876,FALSE
227-20-4293,Mart,Huddles,5 Tomscot Way,mhuddles5f@example.com,1954-05-07,449-214-9241,FALSE
151-68-2818,Roxi,Ceeley,0 Bobwhite Alley,rceeley5g@tripod.com,1923-02-28,134-815-5856,FALSE
693-55-4605,Zarla,Lockhart,564 Sloan Plaza,zlockhart5h@washington.edu,1910-08-18,739-314-3654,
757-60-5464,Baillie,Halwell,8458 Lotheville Point,bhalwell5i@imgur.com,1984-06-14,186-314-9000,FALSE
374-74-1348,Karl,Ouldcott,4 Larry Junction,kouldcott5j@uiuc.edu,1988-03-23,598-953-9848,FALSE
275-17-7756,Karie,Goldstein,4 Sutherland Lane,kgoldstein5k@cpanel.net,1989-05-11,345-694-2256,FALSE
525-28-5150,Monah,O'Shiel,984 Elgar Way,moshiel5l@uol.com.br,1928-06-14,379-852-9814,
416-91-4327,Amelia,Raiston,43 Scofield Trail,araiston5m@wordpress.com,1933-03-22,644-291-0366,FALSE
687-42-8502,Quinton,Lamb-shine,87924 Lotheville Avenue,qlambshine5n@github.com,1987-06-15,210-915-8980,
557-50-6512,Josee,Jorcke,2 Clemons Court,jjorcke5o@prnewswire.com,1970-01-08,464-244-7129,FALSE
159-24-5835,Terrye,Dowell,0235 Dayton Circle,tdowell5p@exblog.jp,1955-05-18,151-672-6004,FALSE
715-67-9785,Ardelle,Gobbet,90 Beilfuss Parkway,agobbet5q@phpbb.com,1963-03-27,829-418-7802,FALSE
317-44-5050,Bobbee,Lesek,9 Karstens Park,blesek5r@delicious.com,1966-04-23,456-883-7848,FALSE
825-59-5270,Carolann,Smardon,95884 David Avenue,csmardon5s@nymag.com,1902-02-22,289-106-2287,FALSE
364-91-0974,Erminia,Hlavac,74 Everett Street,ehlavac5t@paginegialle.it,1974-05-11,671-908-8319,FALSE
263-54-5972,Gery,Clinton,02263 Arizona Place,gclinton5u@biblegateway.com,1945-03-13,264-593-3389,FALSE
365-23-7442,Emelda,MacSweeney,42 Kingsford Parkway,emacsweeney5v@google.com.au,1975-07-24,506-798-2364,FALSE
592-13-2013,Danella,Sessuns,97 Ridge Oak Pass,dsessuns5w@upenn.edu,1945-10-03,494-203-0877,FALSE
282-27-7330,Maure,Iddins,80743 Bluejay Park,middins5x@shop-pro.jp,1989-09-09,862-118-5326,FALSE
780-83-0084,Brandy,Berkowitz,75 Bay Parkway,bberkowitz5y@youtu.be,1960-05-31,678-122-8913,FALSE
218-06-1051,Torey,Hallex,602 Claremont Center,thallex5z@spotify.com,1950-04-21,143-885-4976,FALSE
309-73-7305,Haleigh,Castillon,7947 Sunbrook Court,hcastillon60@narod.ru,1918-01-10,686-812-1255,FALSE
484-22-6634,Nertie,Shaxby,2 Crescent Oaks Hill,nshaxby61@fema.gov,1957-06-14,210-755-1499,FALSE
472-78-7073,Carmelle,Ambrogi,87 Vernon Terrace,cambrogi62@techcrunch.com,1994-10-31,587-312-7343,FALSE
196-92-1767,Hunfredo,Maggiori,8 Barby Road,hmaggiori63@nationalgeographic.com,1915-01-30,330-345-1142,FALSE
109-51-6752,Roscoe,Aldgate,3 Mifflin Road,raldgate64@bloomberg.com,1930-12-23,193-794-4645,FALSE
529-04-1287,Roosevelt,Dulson,749 La Follette Center,rdulson65@spotify.com,1960-08-20,851-640-5917,FALSE
899-23-8847,Ophelia,Willatts,1 Reindahl Lane,owillatts66@stumbleupon.com,1932-09-01,930-220-9468,FALSE
175-78-6718,Fraze,Gyngell,46690 Briar Crest Place,fgyngell67@pinterest.com,1988-10-03,496-319-5281,FALSE
554-52-9577,Marget,Milham,8988 Quincy Court,mmilham68@wunderground.com,1943-08-16,857-784-2630,FALSE
236-49-2421,Molly,Kinglake,75221 Heath Plaza,mkinglake69@ocn.ne.jp,1909-06-17,620-921-9581,FALSE
896-04-0286,Jenelle,Duley,96433 Myrtle Circle,jduley6a@nymag.com,1970-11-22,143-567-8989,FALSE
584-48-3663,Marchelle,Bubbear,09905 Prairie Rose Road,mbubbear6b@merriam-webster.com,1909-12-05,228-133-7049,FALSE
179-54-4478,Lonnie,Stonhouse,4 Hanson Lane,lstonhouse6c@privacy.gov.au,1998-04-08,490-271-8363,FALSE
728-69-8249,Caria,MacGibbon,35 Heath Terrace,cmacgibbon6d@cdc.gov,1901-04-27,992-188-6325,FALSE
402-46-2372,Reuben,Candie,9 Butternut Avenue,rcandie6e@whitehouse.gov,1988-05-23,813-778-7673,
469-13-5987,Yanaton,Verlinde,3 Eagle Crest Crossing,yverlinde6f@cdc.gov,1936-04-18,646-176-2721,FALSE
821-68-1255,Lane,Broadfoot,64 Rigney Terrace,lbroadfoot6g@xing.com,1926-01-06,289-508-9709,FALSE
118-84-7243,Beverlee,Gerrie,4082 Waywood Crossing,bgerrie6h@ed.gov,1914-07-14,938-510-1686,
716-10-5782,Eimile,Grassi,05747 Sugar Park,egrassi6i@aol.com,1994-07-06,136-702-2809,FALSE
778-96-4263,Carolyne,Tofano,9456 Linden Junction,ctofano6j@acquirethisname.com,1971-11-05,790-512-7219,FALSE
543-27-3352,Frank,Bassindale,1 Forest Court,fbassindale6k@google.ru,1975-10-31,279-408-3952,FALSE
756-09-7074,Thayne,Skehens,06 Blue Bill Park Alley,tskehens6l@wisc.edu,1937-08-07,173-436-5443,FALSE
679-06-1759,Yvonne,Topper,52 Prairie Rose Pass,ytopper6m@com.com,1963-09-03,692-260-7865,
236-05-4251,Annice,Drinkhall,967 Forster Court,adrinkhall6n@seattletimes.com,1948-06-03,398-859-3668,FALSE
643-02-3142,Rory,Muffen,9 Schiller Avenue,rmuffen6o@nasa.gov,1950-06-20,413-449-3860,FALSE
645-25-3328,Roxy,Scamal,37712 Di Loreto Point,rscamal6p@g.co,1967-08-24,913-215-2762,FALSE
489-88-4314,Bil,Herrero,45864 Dawn Avenue,bherrero6q@utexas.edu,1948-10-20,807-234-1545,FALSE
102-22-8476,Lonee,Dennington,062 Caliangt Street,ldennington6r@shop-pro.jp,1933-02-16,313-829-1202,FALSE
344-28-3191,Liza,Konmann,169 5th Street,lkonmann6s@bbc.co.uk,1993-05-07,629-890-7470,FALSE
814-36-4881,Arin,Schach,96 Manufacturers Plaza,aschach6t@domainmarket.com,1913-09-26,608-320-8957,FALSE
393-84-1668,Conant,De Bruijne,8 Rowland Avenue,cdebruijne6u@whitehouse.gov,1947-08-22,233-112-9783,FALSE
566-58-6505,Gerhardine,Balasin,622 Lien Avenue,gbalasin6v@redcross.org,1952-06-27,527-958-5215,FALSE
149-11-4284,Jillian,Foster,9 Welch Trail,jfoster6w@woothemes.com,1950-07-13,361-389-3530,FALSE
353-56-3521,Jess,Biddleston,216 Stuart Parkway,jbiddleston6x@hp.com,1930-11-28,271-781-5367,
260-41-6604,Marylee,Mourge,0 Kingsford Place,mmourge6y@edublogs.org,1986-03-19,809-877-4313,FALSE
594-12-7439,Rudiger,Tydd,1 Coolidge Crossing,rtydd6z@creativecommons.org,1962-07-12,443-544-6969,FALSE
797-01-8094,Winona,Jikylls,38424 Elgar Circle,wjikylls70@sfgate.com,1932-09-03,542-347-5944,
536-92-0721,Lonnie,Asker,66200 Towne Hill,lasker71@google.pl,1990-09-06,311-676-9653,FALSE
615-39-0562,Jackqueline,Arnfield,3032 Hazelcrest Street,jarnfield72@squidoo.com,1919-11-08,833-542-2182,FALSE
263-31-7394,Griffy,Readshall,1216 Prairie Rose Court,greadshall73@dailymotion.com,2001-01-07,241-749-8557,FALSE
655-79-0059,Woodrow,Strutley,179 Dunning Road,wstrutley74@plala.or.jp,1942-09-14,791-919-5728,FALSE
463-17-5068,Tracee,Leibold,03 Sachtjen Court,tleibold75@g.co,1977-12-10,667-338-5284,FALSE
411-78-5911,Aryn,Doorly,15 Mandrake Park,adoorly76@elpais.com,1955-06-09,942-888-5013,FALSE
413-83-0521,Gisele,Sea,9023 Caliangt Junction,gsea77@guardian.co.uk,1981-08-02,617-300-3546,FALSE
382-19-3912,Gilligan,Janoschek,553 Harper Center,gjanoschek78@simplemachines.org,1912-02-12,688-355-4627,FALSE
818-30-7329,Kim,Gunson,4 Jenna Way,kgunson79@csmonitor.com,1948-04-24,755-256-9203,FALSE
659-02-4740,Mame,MacComiskey,6 Main Crossing,mmaccomiskey7a@sakura.ne.jp,1938-01-05,194-513-3400,FALSE
259-25-6217,Alice,Duker,71 Scofield Pass,aduker7b@umich.edu,1945-12-23,681-655-7179,FALSE
783-62-2282,Althea,Kenan,7 Burning Wood Junction,akenan7c@ow.ly,1920-01-30,283-148-1897,FALSE
653-43-0130,Giustino,Bleibaum,3915 Atwood Place,gbleibaum7d@booking.com,1937-08-02,480-376-6227,FALSE
476-81-1505,Jaquith,Danielczyk,40 Forster Way,jdanielczyk7e@marketwatch.com,1957-02-06,703-950-3042,FALSE
338-11-5713,Zak,Dowles,97 Nobel Trail,zdowles7f@virginia.edu,1951-11-10,316-394-4396,FALSE
670-69-2178,Brenda,Swatland,65204 Vermont Pass,bswatland7g@cam.ac.uk,1924-01-22,452-532-2207,FALSE
263-54-7055,Lona,Forsaith,8209 Mendota Center,lforsaith7h@elpais.com,1904-09-18,949-378-6585,FALSE
266-52-5144,Bud,Broddle,12 Kropf Way,bbroddle7i@yale.edu,1990-04-09,414-621-5029,FALSE
108-28-6289,Cahra,Ronci,95 Vahlen Center,cronci7j@behance.net,1934-10-23,174-932-5215,FALSE
340-92-4929,Tony,Yurkevich,9 Center Drive,tyurkevich7k@tinypic.com,1928-06-28,336-742-7312,FALSE
525-66-0180,Karlis,Brobyn,5849 Hayes Point,kbrobyn7l@nbcnews.com,1936-04-05,552-900-0140,FALSE
613-69-9996,Roselia,Blench,773 Jana Way,rblench7m@wunderground.com,1994-09-19,311-927-2708,FALSE
756-16-6458,Lucais,Seeney,79584 Annamark Junction,lseeney7n@springer.com,1934-06-10,169-764-0228,FALSE
528-38-4837,Iormina,Zima,41097 John Wall Trail,izima7o@feedburner.com,1990-03-01,379-793-3077,FALSE
157-37-2844,Ban,Cotterill,9 Stang Parkway,bcotterill7p@constantcontact.com,1929-01-18,303-603-0038,FALSE
790-37-9870,Yale,Patient,10177 Thompson Park,ypatient7q@mashable.com,1916-07-22,994-639-7416,FALSE
258-53-2551,Remus,Mattes,08960 Iowa Avenue,rmattes7r@google.com,1945-08-20,132-296-8841,
431-33-7985,Valerie,Keyser,34 Beilfuss Terrace,vkeyser7s@jimdo.com,2001-11-16,424-716-2427,
105-92-6678,Faustina,Brecken,7105 Sauthoff Avenue,fbrecken7t@umich.edu,2000-05-06,934-517-5228,FALSE
631-40-9078,Kimmi,Wetwood,49235 Hanson Trail,kwetwood7u@jigsy.com,1965-07-14,374-281-6492,FALSE
207-95-1680,Jeralee,Sanchis,98047 Independence Place,jsanchis7v@hud.gov,1983-02-20,649-282-2297,FALSE
287-30-7762,Basia,Harrison,00 Sherman Point,bharrison7w@jalbum.net,1949-08-22,940-290-5914,FALSE
884-54-3465,Doralia,Champkin,1878 Eagan Alley,dchampkin7x@home.pl,1969-09-04,136-870-0976,FALSE
172-60-0824,Durante,Woodes,12 Fairfield Hill,dwoodes7y@comsenz.com,1918-04-06,736-109-5281,FALSE
847-65-8226,Kayley,Treat,21020 Randy Way,ktreat7z@nytimes.com,1953-07-07,298-529-0493,FALSE
151-82-0333,Rhett,Philipard,74719 Elmside Plaza,rphilipard80@vistaprint.com,1928-04-10,744-995-3457,
419-37-9080,Vicki,Edel,9 Independence Lane,vedel81@adobe.com,1945-12-24,565-427-8094,FALSE
284-53-8293,Gianni,Rolston,578 Morningstar Alley,grolston82@netscape.com,1993-07-16,367-479-8804,FALSE
857-98-8861,Corie,Speight,3268 Spaight Junction,cspeight83@spotify.com,1977-08-29,510-799-3771,FALSE
193-26-1051,Heloise,Glenwright,28 Maple Wood Avenue,hglenwright84@newsvine.com,1953-04-28,460-475-9206,FALSE
752-09-6452,Blair,Prandoni,69 Clyde Gallagher Lane,bprandoni85@about.com,1990-06-25,414-343-8139,FALSE
104-47-4908,Whittaker,Ducker,6390 Maryland Junction,wducker86@patch.com,1927-08-17,116-377-9731,FALSE
381-69-9768,Jerome,Yurinov,4041 Twin Pines Lane,jyurinov87@ihg.com,1942-04-25,774-333-0952,FALSE
587-25-5606,Juline,Rego,451 Heffernan Street,jrego88@free.fr,1943-05-26,857-979-3241,FALSE
849-24-6853,Kattie,Kenford,118 Crescent Oaks Hill,kkenford89@seattletimes.com,1963-04-19,877-649-4522,FALSE
245-23-6915,Lynn,Wootton,830 Kingsford Street,lwootton8a@sina.com.cn,1941-02-09,874-938-8426,FALSE
216-68-7302,Langsdon,MacAlees,02 Menomonie Street,lmacalees8b@barnesandnoble.com,1951-08-26,560-633-1338,FALSE
386-22-7871,Tulley,Robbs,09 Monument Junction,trobbs8c@sun.com,1904-10-16,832-840-1539,FALSE
218-07-5494,Rubin,Chestnut,56293 Northridge Lane,rchestnut8d@marketwatch.com,1965-01-21,119-884-9373,FALSE
190-60-2030,Melantha,Dryden,70 Elka Park,mdryden8e@mapy.cz,1977-12-10,386-680-5783,FALSE
368-17-8039,Claudette,Yeatman,58 Ludington Road,cyeatman8f@ocn.ne.jp,1910-09-22,287-620-6706,FALSE
109-32-4940,Kimberley,Macon,451 Farragut Drive,kmacon8g@craigslist.org,1984-01-14,312-923-2981,FALSE
249-49-2217,Torey,Dockrey,032 Kim Plaza,tdockrey8h@tripadvisor.com,1906-09-21,945-682-7621,FALSE
698-43-8146,Joye,Figin,5088 Maple Wood Way,jfigin8i@tamu.edu,1986-01-10,896-919-6760,FALSE
436-33-5523,Colver,Warry,273 Northridge Terrace,cwarry8j@nbcnews.com,1904-10-02,310-931-1742,FALSE
177-76-7975,Marieann,Grayham,7 Tennyson Court,mgrayham8k@ifeng.com,1905-09-14,127-961-7442,FALSE
509-78-5967,Becka,Conaghy,20 Merry Court,bconaghy8l@ucsd.edu,1900-09-12,697-904-2236,FALSE
789-05-3063,Pennie,Kember,12 Oak Valley Parkway,pkember8m@ftc.gov,1914-01-14,892-386-7396,FALSE
722-64-2022,Lexi,Selbach,2470 Barby Trail,lselbach8n@cafepress.com,1918-06-04,871-635-4306,FALSE
364-42-4284,Jillie,Curtin,6 Dexter Lane,jcurtin8o@mozilla.org,1980-05-11,691-867-7763,FALSE
299-90-4675,Brook,Burriss,266 Daystar Center,bburriss8p@cbsnews.com,1973-12-10,524-942-8743,FALSE
472-47-2360,Meridel,Abrehart,234 Dwight Avenue,mabrehart8q@cornell.edu,1906-03-13,118-503-0564,FALSE
526-93-5222,Luce,Norwich,594 Morningstar Center,lnorwich8r@hp.com,1919-03-17,764-978-9530,FALSE
287-15-8512,Pandora,Antos,852 Londonderry Park,pantos8s@csmonitor.com,1992-08-25,575-472-9064,FALSE
212-13-6333,Linzy,Hearnah,08 Main Crossing,lhearnah8t@virginia.edu,1948-02-06,334-382-8284,FALSE
400-12-9291,Alonzo,Drackford,31 Eggendart Road,adrackford8u@yahoo.com,1960-06-07,300-786-8463,FALSE
617-52-0327,Desmund,MacKimm,2 Hallows Place,dmackimm8v@squarespace.com,1911-07-28,152-398-7266,FALSE
332-15-1350,Euell,MacNab,184 Homewood Lane,emacnab8w@apple.com,1911-05-07,332-278-4789,FALSE
439-88-6000,Claudius,Boniface,082 Hintze Alley,cboniface8x@seattletimes.com,1944-10-13,903-430-1114,FALSE
869-28-0011,Enriqueta,Cases,02 Shelley Way,ecases8y@unesco.org,1953-07-13,370-318-7631,FALSE
532-85-2962,Jacobo,Younie,3086 Pierstorff Hill,jyounie8z@goo.gl,1900-11-24,761-985-3158,FALSE
568-21-5490,Jaquelin,Serrier,21455 Rieder Avenue,jserrier90@yellowbook.com,1963-12-01,485-419-7539,FALSE
192-12-6598,Banky,Sebert,18 Memorial Terrace,bsebert91@rakuten.co.jp,1973-07-15,929-493-4883,
840-76-4564,Irvin,Balch,6 Lindbergh Alley,ibalch92@yellowpages.com,1998-12-31,153-286-2241,
676-35-2727,Teresina,Moro,9653 Prentice Road,tmoro93@utexas.edu,1993-09-22,624-525-8199,FALSE
525-84-2576,Redd,Haggard,33769 Hooker Circle,rhaggard94@mayoclinic.com,1977-05-24,415-176-1099,FALSE
533-77-8601,Bettine,Stive,2 Chive Alley,bstive95@sogou.com,1982-09-14,399-599-1914,FALSE
426-69-9938,Solly,Flobert,81016 Nancy Junction,sflobert96@t-online.de,1987-06-12,222-494-3876,FALSE
426-69-3309,Kipp,Itschakov,3 Bay Drive,kitschakov97@google.com.br,1981-10-10,761-874-7747,FALSE
353-26-2159,Debbie,Lehrian,23443 Briar Crest Trail,dlehrian98@bing.com,1915-06-06,915-285-6129,FALSE
687-29-9231,Zerk,Elnough,39 Service Hill,zelnough99@taobao.com,1985-04-17,878-271-8901,FALSE
787-03-3502,Doria,Prater,9158 Sunbrook Terrace,dprater9a@godaddy.com,1938-01-06,391-784-3679,FALSE
327-94-4317,Ettore,Arton,995 Oak Junction,earton9b@opensource.org,1924-08-25,899-143-8133,
772-72-2123,Geoffrey,Petrescu,7 Golf Course Road,gpetrescu9c@bravesites.com,1945-02-24,135-327-6062,FALSE
409-77-7637,Arney,Spore,0840 Chive Street,aspore9d@meetup.com,1910-09-17,414-607-3919,FALSE
635-71-9632,Christiano,Simonazzi,8957 Oakridge Plaza,csimonazzi9e@cbslocal.com,1997-04-12,716-251-0502,FALSE
350-73-7726,Thornton,Curness,1 Pearson Crossing,tcurness9f@go.com,1990-11-20,490-403-2996,FALSE
182-44-5160,Raimondo,Phillp,9840 Coolidge Pass,rphillp9g@hostgator.com,1959-04-22,480-914-7930,
839-58-2023,Stearne,Semkins,25766 Onsgard Pass,ssemkins9h@t-online.de,1924-07-09,903-174-6057,FALSE
806-69-1868,Helene,Hegg,0445 Hoepker Road,hhegg9i@domainmarket.com,1990-01-27,875-423-9264,FALSE
602-06-8042,Vikki,Alderton,55990 Westend Junction,valderton9j@nps.gov,1977-03-05,726-576-3430,FALSE
599-82-2668,Sherm,Dickie,4 Tomscot Lane,sdickie9k@cnbc.com,1969-08-25,152-319-2405,FALSE
795-95-8302,Rubin,Boorn,2 Eastlawn Pass,rboorn9l@imageshack.us,1950-11-14,203-742-8999,FALSE
757-29-1840,Eartha,Aslam,40 Jana Plaza,easlam9m@bloglines.com,1955-03-22,879-725-7719,
319-68-5302,Jazmin,Jaeggi,5 Barby Plaza,jjaeggi9n@baidu.com,1901-06-12,186-953-5654,FALSE
141-85-2735,Currey,Leward,2 Gina Junction,cleward9o@google.nl,1998-01-09,233-459-6111,FALSE
590-64-3132,Dud,Bissiker,7 Mockingbird Plaza,dbissiker9p@zimbio.com,1974-07-13,847-662-3992,FALSE
696-86-8157,Brigid,Olivari,65 Lake View Drive,bolivari9q@ehow.com,1924-03-06,728-150-1654,FALSE
851-09-1187,Carolyn,Peyro,4688 Bobwhite Avenue,cpeyro9r@constantcontact.com,1968-12-06,438-802-6259,FALSE
171-65-9408,Jephthah,Rockwill,85475 Northridge Junction,jrockwill9s@rediff.com,1985-04-01,347-918-8598,FALSE
777-92-3397,Berkley,Quakley,051 Bowman Crossing,bquakley9t@fda.gov,1917-12-23,833-701-3663,FALSE
435-34-9400,Allayne,Stockill,9588 Texas Point,astockill9u@aboutads.info,1982-06-23,868-757-7674,FALSE
372-16-7289,Elias,Malec,41 Prairieview Pass,emalec9v@360.cn,1939-09-20,303-124-3801,FALSE
458-03-0585,Aleta,MacCorkell,95158 Mendota Park,amaccorkell9w@fotki.com,2000-09-01,954-972-3784,FALSE
602-52-3724,Ross,Jimes,002 Hazelcrest Way,rjimes9x@harvard.edu,1970-10-13,124-308-0236,FALSE
661-65-8278,Siana,Opy,0 Dexter Alley,sopy9y@soundcloud.com,1912-12-02,970-780-1293,FALSE
113-77-3731,Hillery,Trittam,262 Clyde Gallagher Parkway,htrittam9z@i2i.jp,1924-07-19,226-672-6274,FALSE
786-11-5905,Vernon,Gerckens,933 Sunnyside Crossing,vgerckensa0@thetimes.co.uk,1958-05-05,261-927-2079,FALSE
814-08-5585,Gilles,Prichet,548 Fisk Lane,gpricheta1@admin.ch,1956-01-19,339-995-7416,FALSE
299-12-0889,Sherman,Wetherburn,183 Eagan Crossing,swetherburna2@php.net,1958-01-14,928-685-8702,FALSE
849-31-5507,Dania,Neylan,267 Corscot Hill,dneylana3@sohu.com,1923-08-18,439-552-4701,FALSE
351-73-6499,Scarface,Cornner,2 Southridge Pass,scornnera4@reuters.com,1949-07-18,671-430-7564,FALSE
623-56-3491,Dougie,Annott,3774 Bartillon Way,dannotta5@house.gov,1909-10-14,854-835-2969,FALSE
149-54-6293,Ki,Joll,563 Southridge Terrace,kjolla6@trellian.com,2000-02-12,536-857-1074,FALSE
757-13-3282,Arne,Hess,4 Knutson Place,ahessa7@lycos.com,1955-05-01,203-594-3945,FALSE
852-57-3073,Shellie,Henke,67 Summerview Road,shenkea8@cbslocal.com,1936-08-05,332-413-4632,FALSE
345-44-1865,Prinz,Kops,8831 Westport Street,pkopsa9@webs.com,1929-10-26,523-686-0732,FALSE
467-14-7470,Maryanne,Buckthought,295 Parkside Parkway,mbuckthoughtaa@tumblr.com,1963-01-27,464-425-9096,FALSE
418-54-5223,Brenna,Duffus,094 Mcbride Trail,bduffusab@imgur.com,1945-06-04,897-416-2527,FALSE
451-91-6735,Annabal,Kennerknecht,8 Grim Road,akennerknechtac@dropbox.com,1904-08-21,964-541-0679,FALSE
415-89-0613,Jase,Cleare,485 Ruskin Alley,jclearead@opera.com,1971-09-06,111-702-8869,FALSE
261-54-0490,Katerina,L'Hommeau,790 Loeprich Crossing,klhommeauae@cocolog-nifty.com,1970-07-15,842-715-7730,FALSE
131-25-7149,Pauletta,Glavin,303 Dorton Drive,pglavinaf@ow.ly,1996-02-08,949-896-9021,FALSE
155-23-1317,Roy,Mahody,04 Sherman Avenue,rmahodyag@deliciousdays.com,1990-06-14,475-982-6478,FALSE
224-80-1403,Arthur,Kerwin,0 Maple Wood Drive,akerwinah@photobucket.com,1913-01-29,787-313-0201,
216-74-3003,Brad,Doddridge,393 American Ash Road,bdoddridgeai@ovh.net,1913-09-20,379-609-0547,FALSE
772-54-5463,Sholom,Hance,52 Stuart Road,shanceaj@businesswire.com,1934-12-05,531-660-3048,FALSE
501-81-3015,Roseanne,Flanigan,76547 Hauk Park,rflaniganak@i2i.jp,1968-05-03,503-925-2741,FALSE
115-83-4366,Idell,Benzie,49 Grover Alley,ibenzieal@seattletimes.com,1996-04-21,381-700-3881,FALSE
845-82-8078,Carma,Lower,8 Miller Plaza,cloweram@auda.org.au,1944-04-21,674-658-2033,FALSE
124-34-4748,Giordano,Galego,23328 Menomonie Circle,ggalegoan@xinhuanet.com,1914-02-11,744-201-7533,FALSE
164-20-8490,Emma,Destouche,37 Johnson Plaza,edestoucheao@eventbrite.com,1903-09-17,614-832-7960,FALSE
108-64-7039,Thedric,Manske,561 Kings Drive,tmanskeap@virginia.edu,1911-04-08,717-713-0268,FALSE
878-21-5364,Elita,McMeanma,81 Nevada Way,emcmeanmaaq@bbc.co.uk,1936-04-03,515-335-7808,FALSE
364-97-7755,Katey,Farrans,669 Mayfield Junction,kfarransar@elpais.com,1954-02-11,728-398-6439,FALSE
863-25-0695,Natasha,Ricson,0262 5th Place,nricsonas@about.com,1926-09-08,513-236-0671,FALSE
882-27-0906,Nanette,Southcoat,4979 Daystar Street,nsouthcoatat@woothemes.com,1905-05-17,818-809-2095,FALSE
690-65-6502,Arte,Eckels,46 Stuart Trail,aeckelsau@cam.ac.uk,1967-10-10,156-352-9298,FALSE
257-80-8725,Reinaldos,Sayer,8 Springview Alley,rsayerav@state.tx.us,1960-05-30,433-459-5662,FALSE
653-23-1242,Alwyn,Rainey,5354 Huxley Place,araineyaw@foxnews.com,1981-02-04,550-604-4581,FALSE
432-14-9251,Guido,Roocroft,5405 Nova Trail,groocroftax@discovery.com,2001-05-29,139-182-1743,FALSE
642-99-1501,Cecelia,Garthland,735 Mifflin Pass,cgarthlanday@twitter.com,1949-05-22,966-338-6984,FALSE
595-55-3333,Alli,Petyt,552 Vidon Point,apetytaz@altervista.org,1984-06-02,255-367-1185,FALSE
589-96-3132,Dido,Eastope,8 Fordem Drive,deastopeb0@networkadvertising.org,1949-07-14,510-837-0501,FALSE
616-33-2342,Jacquetta,Ramberg,2 Moland Circle,jrambergb1@simplemachines.org,1966-07-31,367-974-4169,FALSE
623-87-7409,Janine,Honig,258 Forest Run Drive,jhonigb2@webs.com,1987-08-13,679-903-5150,FALSE
878-91-6525,Jose,Rosenau,78 Bluejay Parkway,jrosenaub3@cam.ac.uk,1984-11-26,949-569-2811,FALSE
129-34-7180,Ravi,Spellacy,4840 Westport Terrace,rspellacyb4@indiatimes.com,1938-11-04,925-651-1994,FALSE
621-76-8866,Aubry,Gasnoll,813 Express Place,agasnollb5@apache.org,1900-08-20,893-670-0901,FALSE
793-12-9315,Kelcie,O'Kerin,67760 Declaration Way,kokerinb6@state.gov,2002-04-20,458-426-0237,FALSE
552-10-6868,Tab,Simester,1 Del Mar Lane,tsimesterb7@springer.com,1908-01-29,676-279-4699,FALSE
320-62-6406,Templeton,Esser,46 Spenser Plaza,tesserb8@nsw.gov.au,1954-03-13,376-992-4705,FALSE
178-25-1695,Retha,Sawkin,963 Toban Road,rsawkinb9@alexa.com,1914-09-21,159-430-7018,FALSE
432-63-4078,Luci,Canto,28 Farwell Court,lcantoba@hao123.com,1924-04-18,194-945-2222,FALSE
534-54-4121,Harlan,Andreucci,11678 Longview Center,handreuccibb@cloudflare.com,1998-02-27,529-310-5867,FALSE
244-54-7489,Mill,Dickerline,0714 Golf View Road,mdickerlinebc@drupal.org,1954-08-06,844-575-0575,FALSE
191-31-3850,Silvanus,Deacock,7802 Ridgeview Court,sdeacockbd@netscape.com,1976-11-23,668-322-7164,FALSE
599-96-9931,Ignacius,Kleinert,065 Pepper Wood Trail,ikleinertbe@free.fr,1991-01-12,892-570-2258,FALSE
461-32-4119,Heywood,Clues,7 Lakewood Drive,hcluesbf@merriam-webster.com,1918-09-19,514-188-8460,FALSE
579-68-9605,Way,Larkins,16061 Memorial Avenue,wlarkinsbg@hugedomains.com,1970-03-09,184-398-5612,FALSE
348-27-1162,Jonathon,Pressnell,9 Farmco Circle,jpressnellbh@jimdo.com,1975-02-07,503-457-2756,FALSE
266-86-0917,Roxine,Kruse,4 Corben Place,rkrusebi@yelp.com,1920-07-13,925-518-3718,FALSE
717-73-5096,Agace,Garmston,43989 Pierstorff Drive,agarmstonbj@theguardian.com,1958-09-03,836-387-3724,FALSE
674-53-6161,Opal,MacKettrick,928 Mayer Pass,omackettrickbk@wsj.com,1927-02-02,670-856-6727,FALSE
566-84-3282,Conway,Hannaford,43221 Lakewood Plaza,channafordbl@psu.edu,1934-08-16,268-889-8118,FALSE
531-06-7294,Allsun,Martinon,5 Lunder Way,amartinonbm@xing.com,1990-06-02,589-538-5370,FALSE
899-29-5495,Madelin,Baum,694 Sunfield Place,mbaumbn@livejournal.com,1916-03-25,399-464-7786,FALSE
609-91-9880,Shaina,Reeks,8243 Homewood Place,sreeksbo@twitter.com,1934-06-06,749-816-5066,FALSE
597-44-5724,Byrle,Ivasyushkin,0443 Carberry Alley,bivasyushkinbp@wufoo.com,1946-09-28,749-475-8691,FALSE
467-38-3064,Daisey,Daybell,57776 David Way,ddaybellbq@cmu.edu,2000-05-03,277-644-3413,FALSE
724-02-8658,Cecilia,McKennan,443 Hoffman Center,cmckennanbr@apache.org,1941-08-06,135-632-2236,FALSE
479-93-3548,Merrel,Housecraft,33374 Old Shore Lane,mhousecraftbs@google.com.au,1974-11-01,589-585-3139,FALSE
112-08-1259,Bernadina,Local,0889 Forest Dale Point,blocalbt@patch.com,1991-06-19,419-943-6395,FALSE
504-37-2644,Peggie,Taylerson,6 Michigan Parkway,ptaylersonbu@pcworld.com,1932-01-02,767-167-6871,FALSE
546-13-0219,Wyatt,Puxley,99639 Clove Drive,wpuxleybv@cnn.com,1938-05-24,352-364-3520,FALSE
256-26-7571,Dorthea,Dodgshun,430 Dottie Terrace,ddodgshunbw@reverbnation.com,1925-11-15,437-591-2208,FALSE
751-33-5734,Wheeler,Yushmanov,008 Oak Hill,wyushmanovbx@cnet.com,1984-10-02,984-314-8405,FALSE
755-48-2597,Anjela,Moro,87 Scofield Lane,amoroby@icio.us,1989-03-23,471-668-3518,FALSE
808-96-0489,Dierdre,Losselyong,0 Straubel Pass,dlosselyongbz@xing.com,1971-07-25,398-311-6321,FALSE
610-84-5635,Venita,Gahan,7 Hansons Avenue,vgahanc0@miibeian.gov.cn,1935-05-02,435-624-3744,FALSE
894-21-2820,Lynde,Ryan,12640 Starling Parkway,lryanc1@oaic.gov.au,1938-12-07,230-595-3459,FALSE
146-18-7073,Dion,Flounders,92902 Bultman Point,dfloundersc2@intel.com,1973-12-30,145-539-4719,FALSE
502-29-5009,Barbette,Brameld,5086 Derek Center,bbrameldc3@twitter.com,1973-08-21,652-201-3311,FALSE
470-10-0118,Scott,MacDowall,6936 Paget Drive,smacdowallc4@issuu.com,1917-06-24,323-313-7561,FALSE
105-17-9228,Melisande,Cossam,69 Blue Bill Park Drive,mcossamc5@japanpost.jp,1962-09-13,626-829-5132,FALSE
164-61-0638,Chicky,Bordiss,5 Spohn Plaza,cbordissc6@answers.com,1993-12-10,261-307-5980,FALSE
120-01-0491,Stanton,Romain,43103 High Crossing Crossing,sromainc7@whitehouse.gov,1935-09-21,582-941-7877,FALSE
141-78-0824,Salomi,Figure,7371 Homewood Crossing,sfigurec8@state.tx.us,1901-02-11,804-707-5749,FALSE
268-65-2557,Ade,Covolini,2 Nobel Drive,acovolinic9@domainmarket.com,1924-09-25,183-985-8253,FALSE
736-07-1448,Pyotr,Borghese,6 Mockingbird Lane,pborgheseca@about.me,1906-04-11,611-540-2416,FALSE
780-99-4965,Jaine,Sutherley,33 Eliot Terrace,jsutherleycb@wiley.com,1918-11-26,598-679-2802,FALSE
457-54-1203,Miquela,Huby,01909 Cambridge Parkway,mhubycc@last.fm,1902-11-01,619-425-1160,FALSE
112-46-7435,Broddy,Mattusevich,2 Dorton Crossing,bmattusevichcd@umich.edu,1960-07-15,570-563-9262,FALSE
286-39-5090,Kenyon,Crowcher,9 Sommers Junction,kcrowcherce@auda.org.au,1930-01-23,237-743-7827,FALSE
165-62-2045,Kelci,Fuke,254 Bluejay Way,kfukecf@trellian.com,1910-02-05,493-395-4505,FALSE
284-16-9432,Vonnie,Tumioto,360 Crownhardt Circle,vtumiotocg@google.nl,1927-08-09,547-143-3001,FALSE
619-68-1913,Stanly,Braz,738 Rockefeller Place,sbrazch@chicagotribune.com,1924-07-17,791-248-2579,FALSE
895-99-3364,Jojo,Ivanyukov,5 Summer Ridge Drive,jivanyukovci@purevolume.com,1984-01-01,526-803-8010,FALSE
550-92-2834,Ignazio,Stalman,702 Shoshone Place,istalmancj@epa.gov,2001-03-10,335-510-6457,FALSE
118-87-5223,Frederico,Splevins,62 Lyons Alley,fsplevinsck@acquirethisname.com,1991-05-12,944-834-8589,FALSE
585-38-0825,Jocelyn,Jekyll,06981 Nevada Crossing,jjekyllcl@dell.com,1928-06-14,918-344-2480,FALSE
648-61-2832,Annmaria,Seeking,642 Leroy Place,aseekingcm@gov.uk,1920-12-03,317-315-0584,FALSE
810-99-4281,Filia,Giraudoux,1 Hauk Plaza,fgiraudouxcn@guardian.co.uk,1992-03-05,535-692-3105,FALSE
460-34-4449,Gabe,Sessuns,545 Spaight Drive,gsessunsco@gizmodo.com,2001-11-07,794-946-1440,FALSE
408-37-0709,Ilise,Managh,80539 Anderson Center,imanaghcp@biglobe.ne.jp,1909-06-21,358-514-6452,FALSE
225-43-1098,Dacie,Hulett,5 Pennsylvania Way,dhulettcq@nydailynews.com,1949-12-19,934-890-2255,FALSE
375-53-7790,Ruprecht,Daubeny,318 Oakridge Street,rdaubenycr@howstuffworks.com,1953-06-16,626-847-4554,FALSE
202-55-3486,Timi,Gatteridge,4 John Wall Alley,tgatteridgecs@barnesandnoble.com,1953-02-23,154-374-2834,FALSE
189-82-3264,Emmeline,Crossman,399 Di Loreto Street,ecrossmanct@yelp.com,1974-09-19,255-322-9409,FALSE
133-02-9543,Karole,Grushin,60 Moose Place,kgrushincu@barnesandnoble.com,1998-09-14,193-318-5575,FALSE
781-56-2106,Ulrikaumeko,Vizor,57 Briar Crest Center,uvizorcv@diigo.com,1904-07-22,232-729-3420,FALSE
553-66-8195,Cassondra,Shevlin,03 Redwing Parkway,cshevlincw@mozilla.org,1911-04-11,605-492-9705,FALSE
823-66-9381,Solomon,Beranek,0301 Hayes Circle,sberanekcx@tiny.cc,1915-06-26,896-532-2018,FALSE
598-64-0237,Huey,Nye,1987 Norway Maple Crossing,hnyecy@shinystat.com,1960-03-19,490-768-2374,FALSE
295-22-0976,Lyman,Saterweyte,35 Redwing Lane,lsaterweytecz@mac.com,2001-12-29,615-506-4116,FALSE
632-01-4446,Cynthea,Matt,37233 La Follette Trail,cmattd0@yahoo.co.jp,1907-04-30,254-763-2546,FALSE
306-49-8875,Quintin,Lind,52036 Transport Point,qlindd1@t-online.de,1956-03-22,129-656-1905,FALSE
397-71-5539,Dona,Leheude,3 Dahle Avenue,dleheuded2@ihg.com,1911-12-12,651-177-5163,FALSE
837-10-2659,Junie,Demschke,671 Del Mar Avenue,jdemschked3@hubpages.com,1945-04-09,944-486-4603,FALSE
345-06-9341,Eldridge,Surphliss,068 Glacier Hill Drive,esurphlissd4@cnbc.com,1933-06-20,154-524-0462,FALSE
637-83-9204,Sascha,Delouch,410 Hoepker Lane,sdelouchd5@japanpost.jp,1974-03-09,593-905-3489,
604-42-7149,Cleavland,Leipoldt,83 Waubesa Pass,cleipoldtd6@geocities.jp,1913-07-18,406-191-3822,FALSE
569-94-0600,Jarvis,Kenworthey,658 Moulton Park,jkenwortheyd7@deviantart.com,1909-12-28,745-793-1245,FALSE
334-70-0472,Maridel,Fermoy,96529 Loftsgordon Center,mfermoyd8@dagondesign.com,1914-04-19,584-493-3534,FALSE
218-54-0347,Venus,Addicott,4 Esch Lane,vaddicottd9@nih.gov,1980-03-12,351-408-4151,FALSE
131-78-5116,Devland,Dugood,926 Banding Place,ddugoodda@hc360.com,1908-01-27,162-705-5050,FALSE
263-97-6931,Pooh,Dumphrey,701 Jenna Junction,pdumphreydb@ehow.com,1939-04-11,770-329-6705,FALSE
520-03-0995,Leelah,Bartlett,62017 Roth Court,lbartlettdc@si.edu,1956-07-24,743-323-5390,FALSE
646-78-2553,Brien,Warters,4 Tomscot Circle,bwartersdd@histats.com,1906-09-20,208-862-7692,FALSE
735-36-9292,Fionnula,Caulwell,72638 Bobwhite Trail,fcaulwellde@miitbeian.gov.cn,1900-08-21,969-307-6478,FALSE
898-47-5308,Kit,Dumbell,834 Rowland Trail,kdumbelldf@php.net,1990-05-09,645-704-2858,FALSE
240-42-9267,Ingar,Stevens,15 Independence Crossing,istevensdg@cargocollective.com,1992-09-26,407-122-6801,FALSE
577-80-6888,Archibaldo,Bacop,479 Waywood Point,abacopdh@ycombinator.com,1923-05-27,965-295-2953,FALSE
178-62-1489,Kilian,Bifield,130 Moose Parkway,kbifielddi@storify.com,1926-04-12,859-587-8883,FALSE
566-35-5192,Bertha,Jedras,330 Marcy Road,bjedrasdj@wordpress.com,1929-05-22,730-866-6026,FALSE
896-12-0002,Neils,Pietranek,37348 Bultman Circle,npietranekdk@mozilla.org,1949-01-13,687-270-2475,FALSE
378-95-3834,Sonny,Favelle,7 Crest Line Drive,sfavelledl@domainmarket.com,1962-10-12,530-876-1835,FALSE
856-35-1732,Sandor,Simony,22874 Bay Pass,ssimonydm@sphinn.com,1936-10-16,748-143-5364,FALSE
624-84-8214,Wilhelmine,Thorley,26 Mcbride Street,wthorleydn@bigcartel.com,1972-07-11,257-447-8766,
270-78-5168,Catie,Dubois,4 Cardinal Junction,cduboisdo@ycombinator.com,1904-07-19,874-538-0796,
766-07-5627,Butch,Moyser,31 Fremont Place,bmoyserdp@amazon.co.uk,1908-06-21,113-240-9213,FALSE
786-31-6676,Elia,Scorthorne,328 Talisman Circle,escorthornedq@toplist.cz,1927-08-04,857-442-2500,FALSE
241-05-0227,Richart,Aizkovitch,9 Debra Plaza,raizkovitchdr@wikipedia.org,1960-04-21,514-640-6844,FALSE
211-64-9050,Orrin,Worsnip,44 Oak Way,oworsnipds@samsung.com,1990-04-19,649-313-0464,FALSE
550-18-6520,Renato,Kenwrick,0 Clyde Gallagher Avenue,rkenwrickdt@wunderground.com,1941-10-31,469-179-6985,FALSE
750-08-9363,Edgar,Lettington,28355 Hauk Hill,elettingtondu@xinhuanet.com,1912-09-08,127-365-6650,FALSE
892-29-2099,Sheffie,Reggiani,656 Ronald Regan Pass,sreggianidv@fema.gov,1939-05-29,773-279-5128,FALSE
224-13-2211,Evelin,Jorg,7 Claremont Alley,ejorgdw@storify.com,1953-05-19,876-630-3728,FALSE
404-48-1291,Birgitta,Aldwinckle,270 Mitchell Junction,baldwinckledx@ycombinator.com,1925-08-03,412-532-5946,FALSE
352-50-9757,Madeline,Cuskery,3644 Nova Lane,mcuskerydy@ezinearticles.com,1933-05-19,223-895-2452,FALSE
193-22-3590,Tamarah,Amort,5 Erie Center,tamortdz@studiopress.com,1958-10-05,670-434-4522,FALSE
109-03-5594,Josie,Peploe,63801 Jay Drive,jpeploee0@sitemeter.com,1911-07-10,286-694-5393,FALSE
721-15-1476,Rodrique,Seage,1 Coolidge Hill,rseagee1@archive.org,1924-11-10,108-407-1487,FALSE
706-32-2591,Jorry,Midford,1816 Dapin Trail,jmidforde2@ca.gov,1901-05-15,998-846-9513,FALSE
736-32-1660,Alia,Fleg,647 Susan Trail,aflege3@umich.edu,1954-12-14,909-746-1301,FALSE
663-24-0535,Jacquetta,Ponder,1 Karstens Trail,jpondere4@globo.com,1928-02-29,835-877-3473,FALSE
428-68-9545,Alec,Denman,13 Grayhawk Avenue,adenmane5@macromedia.com,1946-01-07,684-703-7953,FALSE
669-41-2408,Una,Jennery,7 Darwin Street,ujennerye6@nih.gov,1954-08-23,132-766-5793,FALSE
714-57-0193,Jerri,MacMenemy,09 Tony Plaza,jmacmenemye7@naver.com,1934-08-27,482-999-9665,FALSE
223-36-1500,Winnie,Velden,2 Browning Court,wveldene8@tripadvisor.com,1928-03-27,501-947-7422,FALSE
329-96-1036,Randa,Gratton,3 Kropf Avenue,rgrattone9@cam.ac.uk,1970-06-02,751-732-0961,FALSE
318-15-2472,Rolfe,Ewin,4 Towne Avenue,rewinea@elegantthemes.com,1947-04-13,199-210-5492,FALSE
328-53-0465,Shannon,Greenroa,192 Waubesa Hill,sgreenroaeb@webnode.com,1947-04-17,254-682-8657,FALSE
753-88-8156,Hall,McGougan,517 Dawn Crossing,hmcgouganec@free.fr,1924-10-08,633-342-9380,FALSE
136-32-0632,Urbanus,Sympson,6 Brickson Park Drive,usympsoned@youtu.be,1920-01-31,653-671-6538,FALSE
665-19-2007,Currie,Sitlington,56 Ryan Alley,csitlingtonee@cocolog-nifty.com,1966-09-11,218-510-2573,
485-75-3862,Katlin,Lawie,9 Laurel Point,klawieef@fema.gov,1986-11-03,627-885-0886,FALSE
427-01-5699,Thorndike,Brenstuhl,46 Kim Alley,tbrenstuhleg@typepad.com,1911-10-09,790-167-7563,FALSE
374-84-6144,Juline,Thorbon,01 Hoard Point,jthorboneh@altervista.org,1993-04-10,306-726-3946,FALSE
595-49-3721,Karlis,Bernardt,13 Harper Court,kbernardtei@umich.edu,1908-03-21,294-341-4255,FALSE
457-92-5753,Guglielmo,Sacco,8392 Gale Terrace,gsaccoej@acquirethisname.com,1965-05-01,188-334-9879,FALSE
885-45-1155,Claudina,Jewers,54 Briar Crest Drive,cjewersek@google.es,1934-01-28,259-514-4717,FALSE
228-78-8199,Tobi,Naptin,6657 Dapin Avenue,tnaptinel@ameblo.jp,1924-12-25,137-952-7726,FALSE
312-36-1585,Gerladina,Coupe,99 Stang Center,gcoupeem@twitpic.com,1936-06-08,154-953-2750,FALSE
867-47-9701,Helga,Dumini,2555 Meadow Valley Trail,hduminien@scientificamerican.com,1949-02-16,414-664-3434,FALSE
818-51-0881,Donn,Geall,3818 Farwell Junction,dgealleo@soundcloud.com,1955-06-20,495-353-3875,FALSE
788-25-5660,Hal,Rucklesse,1 Lakewood Pass,hrucklesseep@virginia.edu,1968-10-01,100-922-1539,FALSE
460-36-8345,Myra,Erbe,2 Drewry Plaza,merbeeq@wp.com,1955-06-21,261-622-5381,FALSE
714-14-6654,Harp,Balazs,8 Meadow Ridge Plaza,hbalazser@squarespace.com,1959-04-10,436-866-7102,FALSE
214-58-2505,Rowen,Byrom,3 Schmedeman Drive,rbyromes@people.com.cn,1987-11-07,105-517-5245,FALSE
296-54-9907,Gretel,Wasmuth,701 Chive Court,gwasmuthet@indiegogo.com,1989-06-17,706-972-5714,FALSE
709-28-2533,Melanie,Baldree,9 Oriole Avenue,mbaldreeeu@shinystat.com,2002-03-24,808-125-0846,FALSE
571-47-9327,Lorrie,Epton,32 Jackson Junction,leptonev@businessweek.com,1951-08-03,797-839-7737,FALSE
444-09-6580,Stefa,Leopold,9 Golden Leaf Pass,sleopoldew@biblegateway.com,1930-05-04,830-670-2760,FALSE
447-15-3812,Carena,Howman,3516 Monument Trail,chowmanex@toplist.cz,1907-11-13,661-156-2064,FALSE
356-89-6398,Roseanna,Grinyer,72758 Northwestern Center,rgrinyerey@prweb.com,1987-01-19,207-666-9416,FALSE
817-95-6045,Gino,Peterson,1440 Briar Crest Point,gpetersonez@ucoz.ru,1931-03-05,843-782-6136,FALSE
520-02-2253,Chauncey,Hanselmann,1 Pawling Avenue,chanselmannf0@woothemes.com,1990-01-16,310-997-8179,FALSE
391-88-1576,Carrol,Hessay,37683 Anderson Hill,chessayf1@prlog.org,1953-03-03,775-217-0383,FALSE
501-54-5238,Camille,Melody,386 Blaine Parkway,cmelodyf2@answers.com,1913-08-29,576-583-5685,
676-27-1918,Sydelle,Bullar,341 Fairview Way,sbullarf3@wiley.com,1940-06-29,589-747-3080,
560-27-2765,Lennard,Lochet,84631 Haas Circle,llochetf4@jimdo.com,1958-12-19,386-380-6680,FALSE
215-26-7670,Eadith,Ortzen,83 Banding Drive,eortzenf5@princeton.edu,1979-09-11,608-430-8295,FALSE
397-10-0557,Millicent,Kruse,68889 Kipling Terrace,mkrusef6@timesonline.co.uk,1971-02-17,319-868-2306,FALSE
732-03-3472,Albie,Trevan,2 Walton Parkway,atrevanf7@rediff.com,1988-07-18,329-368-8801,FALSE
498-98-5712,Patsy,Discombe,781 Sherman Alley,pdiscombef8@istockphoto.com,1934-02-06,954-337-9215,FALSE
509-98-0750,Kira,Terrill,16 Hoard Crossing,kterrillf9@tinyurl.com,1995-02-21,206-864-6836,FALSE
403-37-1910,Oona,Spiring,94 Hollow Ridge Parkway,ospiringfa@dyndns.org,1947-09-06,945-419-8322,FALSE
469-46-6644,Bernardo,Weaving,46 Waxwing Crossing,bweavingfb@europa.eu,1960-10-29,627-519-4358,FALSE
123-48-2872,Nikkie,Pepye,9 Hovde Crossing,npepyefc@redcross.org,1960-05-07,344-855-8602,FALSE
467-73-2801,Cass,Paniman,27984 Clove Terrace,cpanimanfd@webs.com,1955-10-19,345-200-5872,FALSE
373-12-0944,Alan,Belfitt,6481 Briar Crest Parkway,abelfittfe@php.net,1982-11-19,893-753-8345,FALSE
364-15-3827,Nanni,Ianniello,00359 Redwing Street,niannielloff@geocities.jp,1951-08-25,285-956-6908,FALSE
561-22-5186,Ilysa,Kleszinski,010 Kedzie Lane,ikleszinskifg@who.int,1984-01-23,798-507-4133,FALSE
143-22-0247,Neille,McLucky,4632 Sachs Point,nmcluckyfh@sakura.ne.jp,1961-12-02,668-613-1838,
868-10-7599,Davis,Poor,0 Nevada Plaza,dpoorfi@pagesperso-orange.fr,1934-02-05,615-917-6806,FALSE
503-85-2059,Timi,Blackaller,18253 1st Center,tblackallerfj@nyu.edu,1921-08-11,448-684-9337,FALSE
665-59-4284,Randy,Keming,0588 Sycamore Junction,rkemingfk@reuters.com,1988-06-18,489-650-0154,FALSE
578-80-7155,Carly,Tonsley,23224 Bluestem Terrace,ctonsleyfl@netlog.com,1948-01-07,610-827-1418,FALSE
647-10-2521,Bennett,Blackaby,3 6th Parkway,bblackabyfm@shinystat.com,1950-03-09,638-349-6859,FALSE
779-21-9697,Nikki,Ratray,8 Reindahl Alley,nratrayfn@latimes.com,1984-04-25,521-441-0446,FALSE
734-76-9139,Linzy,Meanwell,08 Crownhardt Park,lmeanwellfo@wunderground.com,1991-09-22,939-745-4044,FALSE
745-14-6881,Ole,Adamthwaite,6517 Oak Park,oadamthwaitefp@bbc.co.uk,1938-03-17,564-543-1029,FALSE
166-69-4319,Konstanze,Pawlyn,44 Gateway Court,kpawlynfq@tripod.com,1900-07-11,678-166-7870,FALSE
456-68-9112,Myra,Manifield,70722 Portage Circle,mmanifieldfr@archive.org,1984-07-26,337-402-6428,FALSE
172-65-3203,Leroi,Chubb,7 Summerview Hill,lchubbfs@over-blog.com,1969-02-20,825-167-8850,FALSE
275-50-2965,Archibaldo,Duell,448 Logan Road,aduellft@umich.edu,1951-04-18,972-290-0999,FALSE
470-35-3591,Louis,Pickerin,0770 Leroy Drive,lpickerinfu@opensource.org,1975-01-09,965-974-6169,FALSE
491-72-4362,Channa,Bardey,2722 Lindbergh Terrace,cbardeyfv@woothemes.com,1944-01-02,881-990-0185,FALSE
759-45-7102,Kalle,Minter,76 Crowley Circle,kminterfw@google.pl,1970-07-14,486-374-5271,FALSE
417-76-0937,Riobard,Bruckshaw,467 Holmberg Alley,rbruckshawfx@scribd.com,1918-02-01,789-725-9115,FALSE
614-85-5921,Blaine,Aronson,8 Parkside Place,baronsonfy@wix.com,1950-01-01,642-443-1807,
102-66-3879,Wilmer,Dobbie,49425 Eastwood Hill,wdobbiefz@huffingtonpost.com,1920-01-29,984-121-6159,FALSE
448-97-6948,Natalina,Selway,894 Dennis Junction,nselwayg0@discuz.net,1941-10-18,265-607-2060,FALSE
831-66-6802,Hogan,Hartopp,5564 Morningstar Avenue,hhartoppg1@usatoday.com,1966-05-24,784-410-4056,
176-33-8399,Judie,Pindar,6 Union Crossing,jpindarg2@apache.org,1930-01-31,192-581-1902,FALSE
252-15-5256,Malynda,Rodmell,597 Dawn Terrace,mrodmellg3@photobucket.com,1939-02-05,111-997-7772,FALSE
136-17-2578,Nicole,Paragreen,735 Arizona Alley,nparagreeng4@friendfeed.com,1919-02-01,179-600-7170,FALSE
644-12-1307,Boycey,Maseyk,3 Birchwood Crossing,bmaseykg5@ucoz.ru,1987-05-15,853-656-2428,FALSE
705-27-9864,Rowe,Skelly,2370 Jenifer Place,rskellyg6@technorati.com,1945-01-01,109-227-7968,FALSE
442-79-1047,Drake,Harkin,94 Del Sol Point,dharking7@nhs.uk,1941-09-18,738-639-8704,FALSE
898-90-9750,Idette,Stormont,40 Fisk Center,istormontg8@comsenz.com,1992-03-04,307-391-6299,FALSE
619-28-6146,Alberik,Stagge,1 Cardinal Alley,astaggeg9@amazonaws.com,1977-10-22,362-515-8076,FALSE
314-03-5757,Marcela,Cannan,8 Huxley Avenue,mcannanga@eepurl.com,1925-02-11,451-377-7576,FALSE
394-31-8656,Dell,Poltun,969 Rockefeller Point,dpoltungb@issuu.com,1991-08-01,344-152-3515,FALSE
770-93-1244,Delcina,Arzu,5792 Dennis Hill,darzugc@ameblo.jp,1996-06-30,526-451-8542,FALSE
250-22-0343,Jonathan,Keppy,40 Holmberg Pass,jkeppygd@dailymotion.com,1924-07-30,460-556-1244,FALSE
747-49-4262,Catriona,Murfett,40476 Hermina Street,cmurfettge@webmd.com,1947-03-07,659-509-0468,FALSE
413-39-9272,Braden,Donnan,43 Talisman Street,bdonnangf@yellowpages.com,1987-06-23,533-312-6401,
187-61-5083,Chadwick,Uebel,8683 Chinook Center,cuebelgg@yellowpages.com,1910-08-29,183-820-7250,FALSE
129-81-6495,Leanna,Hambelton,68 John Wall Court,lhambeltongh@fema.gov,1990-04-02,430-745-7617,FALSE
388-24-6015,Lea,Croker,1226 Prentice Hill,lcrokergi@nytimes.com,1946-04-24,569-321-1379,FALSE
559-27-7171,Antonio,Pate,2 Caliangt Drive,apategj@homestead.com,1951-05-14,293-293-7635,FALSE
714-66-2045,Arnie,Smaleman,4 Ridgeway Court,asmalemangk@telegraph.co.uk,1940-06-04,215-983-1398,FALSE
486-12-2841,Sebastian,Casier,06726 Larry Trail,scasiergl@bigcartel.com,1941-07-25,402-961-8344,
282-47-2605,Felipe,Licari,97609 Laurel Place,flicarigm@hc360.com,1950-12-07,956-450-2689,FALSE
225-86-0732,Hedvige,Heineke,553 Blaine Place,hheinekegn@abc.net.au,1928-02-09,243-398-9485,FALSE
488-56-2344,Dylan,Garnsworth,9347 Sycamore Plaza,dgarnsworthgo@wunderground.com,1909-01-31,732-514-7979,FALSE
849-84-5337,Dael,Camoletto,439 South Way,dcamolettogp@soundcloud.com,1962-07-30,582-674-8524,FALSE
863-21-3915,Bel,Moens,83 Mandrake Circle,bmoensgq@printfriendly.com,1948-02-04,109-205-2647,FALSE
371-19-5219,Elvis,Gyford,6 Park Meadow Plaza,egyfordgr@gizmodo.com,1995-10-16,839-708-6148,FALSE
697-02-6547,Zollie,Sheryne,03 Talisman Point,zsherynegs@accuweather.com,1990-06-04,866-900-4566,FALSE
592-06-7916,Jemimah,Stanyforth,5830 Jackson Avenue,jstanyforthgt@umich.edu,1955-05-24,405-957-3800,FALSE
494-48-0530,Christiana,Stebbins,55417 6th Trail,cstebbinsgu@photobucket.com,1973-10-22,794-653-8557,FALSE
455-99-9852,Cordelia,Shimmings,71706 Alpine Crossing,cshimmingsgv@eventbrite.com,1942-05-11,725-793-8600,FALSE
520-30-6534,Wayland,Tindley,024 Lakewood Park,wtindleygw@sun.com,1990-11-04,594-620-6198,FALSE
399-10-4855,Arman,Hollyar,425 6th Hill,ahollyargx@wikispaces.com,1937-11-02,859-179-6462,FALSE
779-16-1814,Noelle,Rannigan,00 Sachtjen Plaza,nrannigangy@lulu.com,1945-05-22,771-885-2110,FALSE
548-98-1434,Rita,Vear,6 Arapahoe Pass,rveargz@mac.com,1995-08-09,575-970-5583,FALSE
478-30-6141,Novelia,Fairbrother,34734 Debs Center,nfairbrotherh0@desdev.cn,1972-04-03,743-193-7432,FALSE
588-07-7194,Bella,Bratton,57900 Ohio Street,bbrattonh1@abc.net.au,1996-12-07,902-818-6395,FALSE
571-69-2927,Babette,Kittredge,041 Melby Center,bkittredgeh2@feedburner.com,1923-03-31,557-238-0369,FALSE
850-16-1126,Claribel,Quibell,4 Straubel Alley,cquibellh3@marketwatch.com,1942-10-29,344-583-8795,FALSE
596-36-5270,Moyra,Drohun,3 Loomis Alley,mdrohunh4@weibo.com,1942-12-07,659-249-5107,
322-82-7895,Garrot,Wethered,330 Aberg Center,gwetheredh5@foxnews.com,1949-11-28,392-973-1749,FALSE
471-22-2503,Sadye,Shadfourth,69910 Morning Terrace,sshadfourthh6@imdb.com,1929-02-20,695-377-3618,FALSE
429-24-2069,Conny,Stroyan,29340 Coleman Pass,cstroyanh7@baidu.com,1942-04-01,610-240-9873,FALSE
887-78-0756,Nicola,Wroth,38773 Cody Pass,nwrothh8@networksolutions.com,1946-04-12,482-532-8191,FALSE
519-19-3360,Netta,Sircombe,6 Manitowish Circle,nsircombeh9@yandex.ru,1937-04-27,385-881-1458,FALSE
428-66-8109,Danna,Pegram,511 Buell Circle,dpegramha@uol.com.br,1919-07-29,878-394-8130,FALSE
108-10-3773,Larina,Morfey,500 Springview Point,lmorfeyhb@yellowbook.com,1913-10-26,685-595-2744,FALSE
161-23-8693,Ella,Loveday,9 Sherman Terrace,elovedayhc@aol.com,1983-12-07,252-442-5980,FALSE
703-45-8132,Natale,Ornelas,5 Schlimgen Way,nornelashd@reddit.com,1926-09-16,966-694-8560,FALSE
418-78-7431,Marybeth,Hesse,05 Hollow Ridge Junction,mhessehe@tiny.cc,1935-01-19,989-206-0387,FALSE
325-48-1871,Rania,Middiff,132 Morningstar Center,rmiddiffhf@fc2.com,1943-09-17,381-841-8963,FALSE
518-64-8987,Buffy,Casterot,3 Union Plaza,bcasterothg@163.com,1925-06-23,472-491-0504,FALSE
740-92-6752,Edsel,Shilburne,2 Mayer Road,eshilburnehh@sogou.com,1900-09-07,190-653-5148,FALSE
115-79-6491,Redd,Wakefield,5 Waywood Point,rwakefieldhi@behance.net,1909-10-22,157-571-8691,FALSE
864-02-9340,Nissy,Yule,6 Randy Street,nyulehj@odnoklassniki.ru,1956-07-17,355-800-3253,FALSE
775-78-8482,Amanda,Caslake,83021 Eastwood Drive,acaslakehk@accuweather.com,1985-09-17,208-831-4094,FALSE
889-37-4978,Zulema,Seeler,815 Arizona Hill,zseelerhl@chicagotribune.com,1992-11-21,583-996-6052,FALSE
220-02-7009,Matti,Bosence,6 Barnett Street,mbosencehm@webs.com,1963-03-22,666-352-2308,FALSE
243-49-0216,Ada,Chastenet,09626 Nelson Circle,achastenethn@salon.com,2000-09-30,242-112-8932,FALSE
732-53-5900,Edith,Ricardo,1034 Haas Park,ericardoho@live.com,1951-09-02,126-566-0768,FALSE
287-68-2371,Jany,Stainbridge,12832 Dottie Center,jstainbridgehp@archive.org,1990-06-21,287-426-4270,FALSE
288-59-3192,Orran,McGaughay,8 Grayhawk Street,omcgaughayhq@friendfeed.com,1906-06-09,203-192-8848,FALSE
411-69-1842,Darrelle,Asel,4 Hauk Avenue,daselhr@nifty.com,1959-12-04,799-128-2756,FALSE
294-42-4108,Iain,Stoter,1 Merrick Hill,istoterhs@vk.com,1910-06-08,149-112-5124,FALSE
870-69-4035,Gerhardine,Brosnan,55510 Buell Lane,gbrosnanht@chronoengine.com,1911-06-06,965-826-4483,FALSE
695-76-5267,Wanids,Baldinotti,7 Kinsman Place,wbaldinottihu@answers.com,1962-01-01,339-205-4752,FALSE
741-07-4747,Ginger,Yelding,3 Sauthoff Center,gyeldinghv@xinhuanet.com,1979-11-05,468-410-2248,FALSE
619-59-6316,Anselm,Yacobsohn,28686 Badeau Crossing,ayacobsohnhw@opera.com,1931-09-16,994-405-7378,FALSE
656-85-7007,Celestia,Moubray,8567 Beilfuss Alley,cmoubrayhx@sohu.com,1912-09-06,315-733-8055,FALSE
559-49-5022,Giacopo,Staff,9 Pawling Hill,gstaffhy@hubpages.com,1928-07-30,643-435-0306,FALSE
844-26-9337,Mufi,Andriulis,95 Towne Road,mandriulishz@linkedin.com,1917-07-28,733-188-6255,FALSE
485-42-7265,Eda,Breawood,32 Straubel Point,ebreawoodi0@unesco.org,1910-11-07,835-716-3138,
223-30-3477,Nestor,Domerq,5 Barby Center,ndomerqi1@flavors.me,1949-05-19,892-914-0182,FALSE
219-36-2875,Bette-ann,Byass,7033 Old Gate Road,bbyassi2@vinaora.com,1966-02-05,787-127-2977,FALSE
714-08-9131,Iver,Pembery,570 Morrow Court,ipemberyi3@google.it,1973-09-04,269-617-9324,FALSE
744-88-6695,Anatole,Traite,7698 Prairieview Circle,atraitei4@phoca.cz,1976-01-04,579-426-0616,FALSE
151-90-7128,Tarrance,O'Loghlen,4336 Brentwood Avenue,tologhleni5@goodreads.com,1984-03-23,866-461-7071,FALSE
671-96-3992,Emmanuel,Flasby,87 Schlimgen Parkway,eflasbyi6@columbia.edu,1959-11-07,583-204-0404,FALSE
205-26-2882,Keely,Yarker,7224 Fordem Pass,kyarkeri7@weather.com,1981-04-06,663-876-3021,FALSE
363-79-4773,Kelcie,Bergen,6650 Morrow Street,kbergeni8@cbslocal.com,1986-12-17,324-196-2979,FALSE
655-79-0713,Worthington,M'Barron,1 Sheridan Pass,wmbarroni9@booking.com,1995-04-04,985-243-7813,FALSE
334-85-3718,Hulda,Paulin,2 Killdeer Drive,hpaulinia@mac.com,1978-06-06,191-123-6523,FALSE
428-51-6203,Verney,Biesinger,6024 Oak Valley Terrace,vbiesingerib@wsj.com,1905-05-26,475-668-2754,FALSE
457-11-3774,Kellen,Muck,853 Petterle Lane,kmuckic@youtu.be,1939-06-30,366-323-7310,FALSE
742-54-0262,Hartley,Hansel,8 Macpherson Lane,hhanselid@icq.com,1994-05-19,590-519-5107,FALSE
638-75-3949,Burch,Desaur,2345 Acker Lane,bdesaurie@washingtonpost.com,1962-08-01,355-854-0447,FALSE
157-16-5440,Patrick,Northill,63 Red Cloud Junction,pnorthillif@theglobeandmail.com,1909-12-07,172-288-9927,FALSE
468-68-8671,Adam,Lesor,3724 Ryan Alley,alesorig@ebay.co.uk,2000-05-28,144-206-0815,FALSE
830-81-8927,Ellwood,Leipold,346 Lakewood Gardens Junction,eleipoldih@nhs.uk,1957-07-09,223-997-3336,
448-61-2773,Fairleigh,McCloud,01 Northport Drive,fmccloudii@yahoo.co.jp,1942-01-18,974-756-4632,FALSE
265-57-5419,Diego,Yglesia,0 Summer Ridge Circle,dyglesiaij@hud.gov,1951-11-06,491-297-9008,
253-39-9043,Lucilia,Milnthorpe,43 Westend Park,lmilnthorpeik@1688.com,1985-11-21,182-223-6183,FALSE
577-72-2390,Shannan,Riach,36119 Brown Avenue,sriachil@berkeley.edu,1991-03-07,128-969-9525,FALSE
319-27-0755,Tanner,Levane,4 Sachtjen Alley,tlevaneim@google.ru,1979-07-20,701-964-8691,FALSE
165-69-5067,Ursa,Yosevitz,85 Rutledge Hill,uyosevitzin@upenn.edu,1969-12-21,106-158-6788,FALSE
497-52-2218,Norina,Rolley,7 Dryden Hill,nrolleyio@diigo.com,1961-04-29,269-945-3793,FALSE
403-71-3108,Tilda,Bern,5 Summerview Park,tbernip@yahoo.co.jp,1936-01-02,119-886-5140,FALSE
502-43-2051,Nels,Schenfisch,56811 Lillian Center,nschenfischiq@ebay.co.uk,1913-12-09,807-192-9642,FALSE
297-36-0680,Julee,Crosham,517 Bartillon Place,jcroshamir@google.ca,1905-10-08,723-306-3864,FALSE
157-55-8417,Brigid,Stimpson,248 Kingsford Court,bstimpsonis@marriott.com,1975-07-22,202-391-7558,FALSE
214-45-5164,Marius,Dimitrov,6323 Monument Parkway,mdimitrovit@psu.edu,1956-04-24,673-683-5398,FALSE
696-01-8330,Marlin,Kasher,73 Veith Way,mkasheriu@cafepress.com,1920-05-03,767-277-0197,FALSE
594-57-9452,Alard,Chandlar,5 7th Lane,achandlariv@arstechnica.com,1999-07-15,519-211-9878,FALSE
822-56-6629,Glenda,Lyffe,88 Morningstar Lane,glyffeiw@google.com,1920-11-09,609-173-0383,FALSE
357-97-3248,Jedd,Bradfield,46041 Oak Plaza,jbradfieldix@ted.com,1978-03-13,981-721-6108,FALSE
326-66-9475,Kippie,Sotworth,0 Grayhawk Road,ksotworthiy@last.fm,1933-12-29,783-473-8918,FALSE
831-41-6009,Alon,O'Halligan,96627 Fuller Hill,aohalliganiz@xinhuanet.com,1918-06-01,596-274-1804,FALSE
298-07-1768,Brade,Bellerby,4672 Stang Way,bbellerbyj0@wsj.com,1931-09-16,896-813-4094,FALSE
128-15-3178,Therese,Reinisch,8450 Carioca Plaza,treinischj1@vinaora.com,1911-06-10,830-773-8003,FALSE
593-50-4245,Donavon,Gonnely,56961 Bunting Avenue,dgonnelyj2@skyrock.com,1941-08-26,594-735-6258,FALSE
228-54-3587,Hugues,Brampton,35 Trailsway Parkway,hbramptonj3@pagesperso-orange.fr,1932-02-15,778-284-2908,FALSE
208-19-6113,Cassey,Lorkins,2304 Reindahl Parkway,clorkinsj4@vistaprint.com,1931-02-12,988-190-1706,FALSE
199-66-4476,Dory,Sange,59031 Maple Point,dsangej5@godaddy.com,1973-06-30,582-124-7765,FALSE
129-38-6524,Tirrell,Melding,06 Raven Junction,tmeldingj6@biblegateway.com,1936-04-16,229-503-1782,FALSE
197-56-8459,Vita,Driver,67 Novick Court,vdriverj7@webmd.com,1924-09-10,855-689-3804,FALSE
753-93-7040,Mayne,Loughlan,615 Sachtjen Plaza,mloughlanj8@soundcloud.com,1964-06-16,773-878-8749,FALSE
836-72-3778,Hope,Pennetta,85 Vera Junction,hpennettaj9@illinois.edu,1907-05-04,589-986-0938,FALSE
217-55-2360,Maurizio,enzley,73 Kings Road,menzleyja@cmu.edu,1949-01-25,771-328-0180,FALSE
202-11-3082,Katlin,Dat,904 Northland Drive,kdatjb@google.ru,1914-07-06,645-703-8825,FALSE
800-43-6062,Chelsy,Loins,05712 Eastwood Avenue,cloinsjc@godaddy.com,1944-05-06,739-824-3407,FALSE
151-76-1375,Rice,Goodsir,380 Farmco Hill,rgoodsirjd@joomla.org,1932-06-18,143-754-5577,FALSE
124-12-0460,Hagan,Pretley,1169 Weeping Birch Plaza,hpretleyje@is.gd,1907-10-14,362-894-8690,FALSE
809-92-5813,Cobb,Willans,5 Bluejay Trail,cwillansjf@reuters.com,1975-05-07,744-525-5982,FALSE
546-53-6732,Sax,Dinnies,47460 Everett Drive,sdinniesjg@cargocollective.com,1998-09-20,207-774-2699,FALSE
686-06-9905,Emera,Muzzollo,52 Montana Court,emuzzollojh@deliciousdays.com,1987-09-10,537-505-1997,FALSE
180-59-0721,Jessica,Theobalds,55 Warrior Parkway,jtheobaldsji@qq.com,1941-02-26,710-649-4553,FALSE
149-41-6016,Daffy,Gallaccio,11616 Shelley Drive,dgallacciojj@ibm.com,1967-11-04,277-800-2194,FALSE
854-94-6517,Phillipe,Redler,79 Armistice Avenue,predlerjk@example.com,1919-10-27,381-910-3516,FALSE
321-87-6952,Linette,Detheridge,99374 Sage Alley,ldetheridgejl@imdb.com,1988-02-06,489-399-8192,FALSE
319-86-9562,Isabella,McVie,00 Magdeline Way,imcviejm@usgs.gov,1978-03-13,470-858-7995,FALSE
291-01-3345,Neely,Gotthard.sf,57 Schmedeman Court,ngotthardsfjn@google.co.uk,1984-10-26,903-302-5526,FALSE
490-24-5185,Herc,Haseley,2961 Rusk Crossing,hhaseleyjo@kickstarter.com,1955-01-04,145-591-0342,FALSE
265-70-5679,Arther,Asipenko,9 Morning Street,aasipenkojp@illinois.edu,1949-10-22,885-472-7352,FALSE
877-58-2928,Cornell,Ryland,55814 Roth Junction,crylandjq@seattletimes.com,1975-07-23,118-132-0534,FALSE
452-60-7302,Prue,Barrick,35277 Chinook Hill,pbarrickjr@spiegel.de,1960-05-14,454-759-3624,FALSE
127-22-1355,Marylin,Lingwood,6880 John Wall Alley,mlingwoodjs@spiegel.de,1907-02-13,107-141-6347,FALSE
321-15-6064,Joni,McCully,1 Randy Court,jmccullyjt@house.gov,1939-09-12,237-903-7135,FALSE
618-72-0414,Noelle,MacKee,4074 Quincy Junction,nmackeeju@bbb.org,1944-05-12,575-144-4658,FALSE
518-89-5373,Bertine,Sandhill,91 Lakeland Road,bsandhilljv@oracle.com,1957-12-06,565-325-2328,FALSE
362-10-3333,Webb,Metson,48 Redwing Court,wmetsonjw@ox.ac.uk,1904-03-28,847-676-2666,FALSE
263-50-0572,Bruno,Milleton,6315 Sauthoff Crossing,bmilletonjx@reddit.com,1914-04-15,712-123-8633,FALSE
824-35-5064,Harper,Halleday,655 Logan Junction,hhalledayjy@samsung.com,1982-05-25,372-420-4406,FALSE
303-17-4023,Filip,Dyson,7 Pankratz Way,fdysonjz@shop-pro.jp,1933-04-24,447-294-6231,FALSE
322-56-7957,Celinka,Jaskowicz,6 Longview Plaza,cjaskowiczk0@jiathis.com,1984-04-27,241-707-2455,FALSE
847-31-6128,Stanford,Le Jean,49877 Orin Court,slejeank1@cnet.com,1914-07-19,133-630-6334,FALSE
658-20-7843,Chaim,Barme,5 Crownhardt Plaza,cbarmek2@hc360.com,1915-09-19,619-678-9570,FALSE
739-71-6739,Ethel,Seeney,420 Oneill Parkway,eseeneyk3@huffingtonpost.com,1946-01-07,669-623-8789,FALSE
609-16-6112,Alfons,McAster,4 Atwood Place,amcasterk4@pinterest.com,1991-05-10,767-578-7612,FALSE
730-41-4409,Shaughn,Clitherow,760 Welch Alley,sclitherowk5@indiatimes.com,1976-08-22,984-824-6164,FALSE
660-89-6724,Lani,Franzonello,285 Schurz Circle,lfranzonellok6@indiegogo.com,1994-12-17,710-116-9685,FALSE
234-52-9423,Elias,Custard,94086 Manufacturers Crossing,ecustardk7@cnn.com,1980-09-19,113-103-8445,FALSE
415-85-4998,Lemmie,Kleinmintz,3896 Fair Oaks Avenue,lkleinmintzk8@ameblo.jp,1958-01-07,186-397-6015,FALSE
771-12-0900,Gerrard,Dowsing,61599 Swallow Trail,gdowsingk9@zdnet.com,1969-07-11,434-410-2804,FALSE
235-03-3601,Barby,Cantera,648 Washington Plaza,bcanteraka@sohu.com,1920-04-04,409-357-3159,FALSE
206-07-0919,Aigneis,Worling,806 Basil Terrace,aworlingkb@wunderground.com,1965-09-29,934-512-4193,FALSE
156-71-3139,Laina,Gudgion,08674 Ohio Park,lgudgionkc@umn.edu,1986-02-09,861-164-0110,FALSE
806-48-5141,Margalo,Wisdish,20 Moulton Court,mwisdishkd@seesaa.net,1983-01-03,734-999-7091,FALSE
268-54-0814,Loren,Rottcher,511 Grim Circle,lrottcherke@comcast.net,1972-10-27,991-329-1977,FALSE
206-96-8134,Durward,Kitchenside,9 Reindahl Circle,dkitchensidekf@liveinternet.ru,1988-05-11,741-372-1948,FALSE
299-34-1517,Ashly,Pleasants,4449 Vera Park,apleasantskg@icq.com,1978-04-11,849-141-6413,FALSE
259-93-3364,Archambault,Rushsorth,680 Park Meadow Park,arushsorthkh@sciencedirect.com,1964-02-17,154-492-6147,FALSE
838-10-6734,Dido,Dobrowolny,5506 Granby Lane,ddobrowolnyki@plala.or.jp,1985-07-18,303-549-3420,FALSE
273-79-1134,Casar,Barbara,126 Morrow Lane,cbarbarakj@myspace.com,1975-11-30,567-439-1618,FALSE
390-81-7524,Isaak,Ormonde,9 Ridge Oak Road,iormondekk@parallels.com,1955-01-13,746-836-0574,FALSE
598-24-4216,Anton,Ruggen,7311 Annamark Terrace,aruggenkl@eventbrite.com,1918-02-26,237-924-6580,FALSE
707-05-2639,Emlyn,Maken,749 Caliangt Park,emakenkm@psu.edu,1939-08-02,849-296-1874,FALSE
233-93-7489,Alberik,Cusworth,489 Moose Point,acusworthkn@sina.com.cn,1948-06-27,241-934-2082,FALSE
316-38-5951,Janessa,Sprowle,0 Milwaukee Hill,jsprowleko@stumbleupon.com,1928-06-11,502-797-0793,FALSE
551-12-9557,Hermina,Bernollet,03635 Manufacturers Circle,hbernolletkp@devhub.com,1901-07-13,609-208-4507,FALSE
499-42-3406,Dorisa,Nucci,77029 Sachs Pass,dnuccikq@marketwatch.com,1904-10-04,845-861-2265,FALSE
416-19-8314,Hamlin,de Clercq,865 Larry Plaza,hdeclercqkr@themeforest.net,1942-11-12,875-699-2375,FALSE
323-54-7929,Emanuel,Jackes,3526 Rieder Court,ejackesks@reddit.com,1968-08-13,991-724-4331,FALSE
502-21-0514,Benedikt,Mereweather,82 Eastwood Trail,bmereweatherkt@apple.com,1971-05-17,190-343-8795,FALSE
728-01-9721,Bradly,Libermore,327 Harbort Trail,blibermoreku@reuters.com,1934-11-29,142-422-5050,FALSE
575-62-9992,Kandy,Biffen,0 Rieder Hill,kbiffenkv@weibo.com,1909-08-31,459-502-6686,
188-52-0433,Roshelle,Bryers,37 Sutherland Crossing,rbryerskw@myspace.com,1998-07-05,759-830-6087,FALSE
726-51-1411,Sallyanne,Sabey,70033 Karstens Crossing,ssabeykx@ibm.com,1917-03-04,468-781-5484,FALSE
637-53-1147,Bobbe,Clemmett,5054 Shelley Point,bclemmettky@t-online.de,1928-04-20,194-785-5884,FALSE
481-19-3202,Ramon,Orhrt,91491 Barby Road,rorhrtkz@imgur.com,1994-01-02,216-650-9266,FALSE
789-53-8358,Herb,Torrese,4 Paget Way,htorresel0@nytimes.com,1944-11-09,489-745-1494,FALSE
586-38-6747,Sanford,Beaver,0 Pierstorff Drive,sbeaverl1@google.ru,1998-05-20,122-358-4020,FALSE
222-19-8861,Terrance,Tunbridge,2533 Amoth Circle,ttunbridgel2@opera.com,1993-01-06,762-522-0312,FALSE
391-47-7352,Maximo,Karby,5 Onsgard Crossing,mkarbyl3@bloglines.com,1910-03-03,278-146-9226,
232-40-3891,Hillery,Berriman,497 Delaware Parkway,hberrimanl4@geocities.jp,1985-05-18,858-151-7412,FALSE
812-42-3004,Leigh,Sharply,27 Oneill Parkway,lsharplyl5@storify.com,1919-09-04,893-480-6927,
588-24-7061,Thom,Indruch,3 American Circle,tindruchl6@sun.com,1996-10-31,908-370-1978,FALSE
434-87-3751,Brendis,Gerrit,8 Pankratz Drive,bgerritl7@jiathis.com,1956-07-18,262-690-0487,FALSE
494-56-4450,Durand,Goad,759 Spenser Alley,dgoadl8@webs.com,1923-11-19,510-299-5415,FALSE
191-12-4983,Nadiya,Issitt,882 Sage Lane,nissittl9@aol.com,1990-02-16,841-699-9350,FALSE
279-60-2872,Onida,Tamplin,8 Ryan Hill,otamplinla@goo.gl,1941-09-14,677-747-7404,FALSE
853-60-1216,Jordanna,Daniely,37878 Almo Street,jdanielylb@vimeo.com,1938-11-18,617-937-2799,FALSE
461-20-3621,Rickard,Marrows,53 Carioca Crossing,rmarrowslc@bloglines.com,1991-07-21,203-139-8580,FALSE
443-70-8545,Idell,Shenton,6 Warrior Crossing,ishentonld@goodreads.com,1939-06-09,528-476-2363,FALSE
388-57-3396,Georgi,Human,827 Mallard Lane,ghumanle@discuz.net,1930-08-12,480-677-8066,FALSE
180-91-9157,Dmitri,Ferrario,15 Buhler Center,dferrariolf@instagram.com,1914-02-05,923-916-8141,FALSE
760-94-6313,Ingelbert,Aucourte,0494 Myrtle Pass,iaucourtelg@wordpress.org,1960-08-20,585-239-4972,FALSE
439-65-2790,Zonda,Sichardt,4994 Randy Lane,zsichardtlh@fc2.com,1934-06-22,140-442-7763,FALSE
338-90-4167,Brana,Lanahan,43756 Aberg Terrace,blanahanli@over-blog.com,1957-02-16,265-872-4853,FALSE
545-22-7852,Janka,Rodrigo,58 Ronald Regan Place,jrodrigolj@webs.com,1913-07-03,857-151-1667,FALSE
589-24-5303,Celinda,Charlo,5 Scott Drive,ccharlolk@sfgate.com,1944-12-22,846-789-0893,
116-92-1040,Yolanthe,Bayley,7 Monument Park,ybayleyll@e-recht24.de,1914-01-11,732-706-4502,FALSE
433-54-3726,Valentine,Laird,58764 Bluestem Road,vlairdlm@archive.org,1943-12-15,749-111-1357,FALSE
739-32-5561,Peg,Hannant,34191 Havey Point,phannantln@princeton.edu,1987-06-06,300-841-1245,FALSE
296-73-2343,Griffith,Huband,7 Chive Hill,ghubandlo@squidoo.com,1960-03-15,886-702-0016,
195-54-0186,Cosetta,Laight,518 Knutson Alley,claightlp@whitehouse.gov,1985-07-17,213-922-1076,FALSE
300-82-4326,Corinne,Yurinov,6 Carberry Junction,cyurinovlq@comsenz.com,1933-01-27,960-905-8599,FALSE
672-20-8813,Chane,Peres,86782 Bayside Way,cpereslr@aboutads.info,1925-07-06,446-499-7427,FALSE
227-24-4533,Amye,McConville,047 Division Alley,amcconvillels@mapy.cz,1910-10-06,583-929-9257,FALSE
772-63-0623,Roderic,Chantree,9 Debra Court,rchantreelt@google.cn,1905-03-23,763-501-3543,FALSE
749-55-7262,Lorna,Clunan,4914 Nova Alley,lclunanlu@nyu.edu,1984-02-22,663-110-3425,FALSE
104-93-8766,Tybie,Float,9 Graceland Parkway,tfloatlv@com.com,1926-01-21,222-382-3296,FALSE
499-90-1553,Emelia,Hammerton,56736 Fairview Center,ehammertonlw@ehow.com,1977-07-20,401-922-0699,FALSE
322-47-6360,Marlon,Heliet,00 Commercial Terrace,mhelietlx@flickr.com,1927-07-16,151-597-0487,FALSE
848-96-4046,Karena,Towsey,1465 Fordem Court,ktowseyly@paypal.com,1955-05-09,838-937-5061,FALSE
183-47-7490,Merell,Raycroft,16799 Maywood Circle,mraycroftlz@google.fr,1928-05-04,420-330-6945,FALSE
402-73-0488,Karolina,Lindblom,0170 3rd Terrace,klindblomm0@nbcnews.com,1918-02-20,306-816-7871,FALSE
462-26-6990,Jesus,Luebbert,5 Bashford Crossing,jluebbertm1@clickbank.net,1997-07-05,783-147-6909,FALSE
692-18-0430,Donia,Farleigh,84 Kipling Trail,dfarleighm2@trellian.com,1947-09-16,878-930-7709,FALSE
267-31-7872,Nil,Skitt,57 1st Junction,nskittm3@symantec.com,1930-12-10,975-227-7086,FALSE
444-25-1234,Annabel,Rounce,13 Drewry Road,arouncem4@statcounter.com,1911-09-27,151-162-7158,FALSE
690-14-9549,Magda,Castleton,6 Manley Point,mcastletonm5@imdb.com,1933-09-07,888-597-6820,FALSE
309-49-9830,Kerrin,Gredden,594 Laurel Way,kgreddenm6@google.nl,1984-07-31,702-607-6926,FALSE
448-71-6996,Ceil,Chipperfield,1104 Artisan Crossing,cchipperfieldm7@state.tx.us,1981-12-16,545-390-5143,FALSE
167-48-1111,Alanah,Minocchi,84 Mosinee Alley,aminocchim8@dyndns.org,1910-03-19,933-176-4345,FALSE
508-69-2861,Zebedee,Shinfield,0 Stuart Terrace,zshinfieldm9@tamu.edu,1952-12-16,414-860-3056,FALSE
777-60-2851,Matthias,O'Carran,47543 Northridge Way,mocarranma@livejournal.com,1960-12-14,525-329-6909,FALSE
733-49-2682,Ranice,Kenneway,60 Pine View Lane,rkennewaymb@wp.com,1992-06-03,525-472-9180,FALSE
279-97-3206,Jesse,Hosby,62 Longview Park,jhosbymc@mit.edu,1993-01-21,521-786-6736,FALSE
660-30-8368,Tommie,Davitti,7 La Follette Point,tdavittimd@about.me,1961-09-30,136-717-6589,FALSE
166-95-6139,Nathanil,Bointon,106 Green Ridge Way,nbointonme@thetimes.co.uk,1963-07-25,282-103-6519,FALSE
694-24-0391,Aridatha,Eglin,8 6th Hill,aeglinmf@nasa.gov,1929-05-24,901-487-1687,FALSE
391-27-5936,Mia,Burchfield,512 Fair Oaks Road,mburchfieldmg@wikimedia.org,1920-02-13,516-392-1286,FALSE
797-57-5891,Sayres,Plackstone,05499 Thackeray Parkway,splackstonemh@etsy.com,2000-02-09,316-948-8932,FALSE
545-56-0561,Eddi,Simoneau,3302 American Ash Place,esimoneaumi@washingtonpost.com,1924-03-07,168-219-3958,FALSE
252-54-5683,Arnie,Hordle,7 Lakewood Circle,ahordlemj@cornell.edu,1910-08-10,804-447-6822,FALSE
139-89-0930,Leigh,Muris,7077 Thackeray Point,lmurismk@squidoo.com,1958-06-09,434-224-0668,FALSE
676-17-5982,Ty,Root,57453 Thackeray Point,trootml@histats.com,1935-03-22,944-229-5656,FALSE
348-29-9379,Sasha,Leads,21 Autumn Leaf Parkway,sleadsmm@blogtalkradio.com,1913-04-08,227-626-8158,FALSE
376-65-0461,Dana,Olyff,64525 Duke Lane,dolyffmn@home.pl,1959-02-16,396-551-2799,
334-78-8558,Milt,Hillaby,03 Moulton Alley,mhillabymo@state.tx.us,1978-06-07,534-496-3162,FALSE
207-47-7436,Gretel,McLauchlin,04562 Burning Wood Crossing,gmclauchlinmp@dell.com,1935-02-10,188-865-1513,FALSE
885-42-4533,Lauryn,Dacre,2822 Judy Point,ldacremq@state.gov,1954-07-16,267-220-1046,FALSE
312-07-0948,Tamar,Zoppo,086 Thompson Center,tzoppomr@de.vu,1953-06-05,275-564-9525,FALSE
245-26-5636,Fredrick,Conduit,30 Jenifer Court,fconduitms@yelp.com,1921-04-30,681-488-3741,FALSE
706-52-1543,Lona,Klehyn,2 Schmedeman Terrace,lklehynmt@spotify.com,1982-05-29,119-387-7167,FALSE
169-54-4747,Kristel,Ryott,85 Westport Lane,kryottmu@delicious.com,1991-11-26,878-371-4952,FALSE
209-86-8329,Curt,Robertson,851 Cascade Circle,crobertsonmv@slate.com,1933-05-29,825-453-9367,FALSE
112-31-9460,Akim,Francais,926 Mifflin Way,afrancaismw@wisc.edu,1909-01-04,285-668-2915,FALSE
153-53-8305,Blane,Klejna,61 Walton Terrace,bklejnamx@mac.com,1917-07-05,284-446-6628,FALSE
582-31-2291,Adena,Helleker,2 Waubesa Court,ahellekermy@meetup.com,1904-10-11,429-983-1066,FALSE
803-22-6974,Tonnie,Suermeier,26 Elmside Alley,tsuermeiermz@1und1.de,1907-05-12,382-717-0687,FALSE
867-78-7376,Evan,Panter,88 Dixon Place,epantern0@wordpress.org,1912-03-29,890-996-5484,FALSE
276-98-1285,Tybalt,Petyankin,0251 Farragut Park,tpetyankinn1@friendfeed.com,1940-10-07,138-192-5529,FALSE
403-78-0347,Normy,Doig,7 Waxwing Crossing,ndoign2@yolasite.com,1967-05-16,755-118-1770,FALSE
490-68-5307,Nobe,Marjot,332 Mandrake Terrace,nmarjotn3@barnesandnoble.com,1977-09-27,392-262-1658,FALSE
810-21-7343,Fancy,Booij,69 Hagan Junction,fbooijn4@sogou.com,1937-10-11,943-741-1903,FALSE
753-44-1757,Christi,Durrell,84929 Park Meadow Court,cdurrelln5@youku.com,1934-06-11,727-650-0725,FALSE
328-04-2394,Noam,Siemianowicz,4 Daystar Terrace,nsiemianowiczn6@mit.edu,1921-05-18,214-198-5666,FALSE
814-98-4846,Elsworth,Abela,20336 Merry Crossing,eabelan7@acquirethisname.com,1920-03-10,650-466-8415,FALSE
635-31-7373,Peggie,Miettinen,9066 Bellgrove Junction,pmiettinenn8@businessinsider.com,1938-07-10,331-348-9931,FALSE
351-66-9564,Shelby,Kinkaid,0879 Sommers Lane,skinkaidn9@ed.gov,1960-03-02,771-491-0738,FALSE
335-89-8971,Constantine,Tomeo,86370 Sherman Street,ctomeona@chicagotribune.com,1942-04-30,334-929-7482,FALSE
686-35-6167,Yoko,Martello,87948 Warner Hill,ymartellonb@de.vu,1966-07-26,316-666-5884,FALSE
490-14-0065,Carlynn,Mityashev,28 Chive Street,cmityashevnc@amazon.co.uk,1951-05-09,882-666-4044,FALSE
564-89-2372,Modestine,Grigolli,1302 3rd Place,mgrigollind@sina.com.cn,1901-10-24,906-185-4430,FALSE
350-75-8920,Nickolaus,Braidford,8 Prairieview Pass,nbraidfordne@pcworld.com,1962-06-08,331-696-8603,FALSE
863-97-9907,Nestor,Record,8858 Glendale Way,nrecordnf@princeton.edu,1945-10-02,362-257-4849,FALSE
309-23-2159,Shellie,Kuhlen,659 Miller Circle,skuhlenng@yahoo.co.jp,1911-11-08,520-928-5103,FALSE
343-69-7324,Elaine,Nutten,8 Surrey Junction,enuttennh@surveymonkey.com,1969-12-11,274-972-9264,FALSE
415-84-6531,Donn,Docharty,75 Hayes Lane,ddochartyni@amazon.co.uk,1971-05-05,734-668-6008,FALSE
869-34-4711,Sutherlan,Bes,38 Memorial Alley,sbesnj@eepurl.com,1917-07-29,810-141-8738,FALSE
549-06-7289,Brigitta,Spencook,22067 Armistice Crossing,bspencooknk@wikia.com,1936-11-23,341-141-4958,FALSE
752-87-3103,Tish,De Domenicis,677 Summit Alley,tdedomenicisnl@yahoo.co.jp,1943-07-03,448-896-6976,FALSE
195-07-9926,Brita,Stewartson,4 Hermina Junction,bstewartsonnm@tuttocitta.it,1945-01-09,377-996-0863,FALSE
173-64-3435,Sheffield,Brunner,34674 Fair Oaks Junction,sbrunnernn@histats.com,1904-11-02,889-797-4103,FALSE
406-04-2954,Web,Blonfield,84 Golden Leaf Pass,wblonfieldno@reddit.com,1955-07-10,876-979-0396,FALSE
476-63-8102,Shel,Deathridge,9399 Westerfield Parkway,sdeathridgenp@cyberchimps.com,1951-01-21,114-446-0076,FALSE
490-66-4824,Thibaud,Smith,5183 Sutherland Trail,tsmithnq@reddit.com,1935-01-27,862-739-3842,FALSE
745-19-1201,Desirae,Swannie,83 Old Shore Avenue,dswannienr@ibm.com,1936-05-05,925-991-8991,FALSE
226-85-6170,Jayson,Kinneally,5 Bunting Avenue,jkinneallyns@mysql.com,1938-01-31,583-303-5597,FALSE
324-73-8929,Aprilette,Scotchmore,1527 Stang Center,ascotchmorent@dell.com,1980-07-20,890-691-1181,FALSE
103-88-4977,Daloris,Beeby,8 Sugar Place,dbeebynu@thetimes.co.uk,1960-04-28,798-100-7233,FALSE
269-73-2293,Samson,Farrand,8732 Barby Parkway,sfarrandnv@arizona.edu,1981-07-09,599-987-0192,FALSE
100-35-2361,Rhodia,Cornill,713 Marcy Avenue,rcornillnw@statcounter.com,1954-01-14,619-107-5544,FALSE
692-80-7327,Joy,Falconbridge,0 Maple Circle,jfalconbridgenx@wix.com,1948-03-14,224-163-9674,FALSE
343-35-1418,Nicolas,Lerwill,943 Jenifer Drive,nlerwillny@cbc.ca,1930-11-04,121-177-0933,FALSE
147-88-2292,Adolphe,Scrivner,0 Manitowish Junction,ascrivnernz@goo.ne.jp,1915-03-15,872-282-4817,FALSE
472-61-8452,Tuesday,Croxall,23 Lien Lane,tcroxallo0@lulu.com,1934-02-28,154-951-4104,FALSE
862-12-7624,Sallyann,MacAndrew,7 Mockingbird Trail,smacandrewo1@myspace.com,1908-07-14,921-676-9363,FALSE
168-33-7406,Astra,Styche,65 Grim Parkway,astycheo2@w3.org,1956-01-25,830-103-4504,FALSE
103-53-2766,Carley,Chaloner,76814 Spaight Parkway,cchalonero3@yale.edu,1942-05-12,166-745-2344,FALSE
804-92-2258,Charisse,Cherrett,22835 Eagle Crest Alley,ccherretto4@utexas.edu,1925-07-15,670-199-4048,FALSE
558-72-7492,Mac,Whitcher,026 Golf View Way,mwhitchero5@wordpress.org,1907-07-19,319-517-5156,FALSE
403-29-9782,Amabelle,Oxenden,87 Lakewood Point,aoxendeno6@microsoft.com,1979-06-03,570-436-3915,FALSE
763-20-0095,Rhodia,Anear,924 Lunder Trail,ranearo7@thetimes.co.uk,1981-04-16,507-405-8776,FALSE
435-04-2913,Janifer,Close,32 Sauthoff Court,jcloseo8@fc2.com,1924-01-20,704-129-6479,FALSE
176-74-7035,Iris,Joannic,98064 Emmet Court,ijoannico9@flickr.com,1915-08-25,349-338-8870,FALSE
572-08-2614,Leanora,Darycott,545 Shoshone Park,ldarycottoa@blogs.com,1962-01-09,710-626-2182,FALSE
861-39-2228,Artie,Morland,1848 Buhler Avenue,amorlandob@amazon.co.uk,1944-11-05,918-693-3205,FALSE
467-24-5234,Fred,Sibary,1 Westerfield Way,fsibaryoc@unesco.org,1988-12-20,597-941-9364,FALSE
278-76-9773,Audry,Rame,79 Sachs Center,arameod@artisteer.com,1977-08-31,704-684-2669,FALSE
814-99-5722,Bess,Scotchmor,5064 Hallows Parkway,bscotchmoroe@comcast.net,1971-07-24,600-806-5122,FALSE
866-89-6676,Richart,Currie,6 Anhalt Lane,rcurrieof@google.nl,1922-09-24,452-293-4306,FALSE
244-97-2287,Ursulina,Liebmann,609 Caliangt Road,uliebmannog@army.mil,1999-10-23,874-917-8368,
897-21-2526,Linda,Skokoe,78 Longview Hill,lskokoeoh@mapquest.com,1996-03-29,608-898-4132,FALSE
630-69-3267,Arv,Slane,0 David Trail,aslaneoi@phpbb.com,1942-02-16,383-465-7754,
455-16-8051,Bertie,Rides,5 Browning Alley,bridesoj@wordpress.com,1918-09-22,361-169-0961,FALSE
229-40-3704,Kerby,Larcombe,0 Mariners Cove Terrace,klarcombeok@soundcloud.com,1916-12-25,642-999-3443,FALSE
571-48-6591,Aldus,Bengle,58642 Blaine Road,abengleol@1und1.de,1925-10-24,767-622-6981,FALSE
204-30-6943,Aland,Thomasson,44233 Elmside Hill,athomassonom@lycos.com,1990-10-30,264-774-7328,FALSE
598-23-7916,Reider,Fishwick,42018 Ruskin Drive,rfishwickon@alexa.com,1949-10-30,455-359-0563,FALSE
429-95-6710,Kass,Limprecht,221 Haas Road,klimprechtoo@exblog.jp,1960-12-08,164-748-3834,FALSE
510-46-2630,Evita,Regus,727 Marcy Lane,eregusop@wsj.com,1950-06-19,855-249-4118,FALSE
828-76-6782,Lia,Petchell,8 Harper Court,lpetchelloq@joomla.org,2002-04-26,930-829-7772,FALSE
497-12-7031,Desiri,Varney,79466 8th Terrace,dvarneyor@accuweather.com,1987-03-18,691-256-3310,FALSE
747-80-8440,Darb,MacNamara,52 Melby Plaza,dmacnamaraos@foxnews.com,1985-10-03,920-676-9078,FALSE
608-67-1370,Hali,Bowick,409 Hoard Trail,hbowickot@mediafire.com,2002-03-22,534-634-7411,FALSE
192-19-7475,Delphinia,Buckney,08149 Upham Way,dbuckneyou@hc360.com,1996-06-25,950-817-0228,FALSE
311-01-4145,Marthe,Slocom,8 Brown Avenue,mslocomov@arstechnica.com,1952-02-01,249-781-4358,FALSE
839-30-9838,Carlin,Allberry,0388 Hooker Plaza,callberryow@sohu.com,1913-02-03,905-686-3606,FALSE
169-36-3937,Carlota,Rappaport,0 Moose Crossing,crappaportox@theatlantic.com,1908-09-29,439-311-7317,FALSE
897-96-4187,Kerry,Castard,53 Chive Center,kcastardoy@npr.org,1992-01-28,743-478-3392,
278-43-3557,Effie,Mayger,5056 Esker Street,emaygeroz@over-blog.com,1920-08-23,420-927-8177,FALSE
855-82-1897,Chrysa,Berndtsson,7010 Mallory Junction,cberndtssonp0@altervista.org,1922-12-27,319-838-0618,FALSE
315-98-7167,Fallon,Ainger,19 Emmet Court,faingerp1@oaic.gov.au,1910-02-13,655-545-4215,FALSE
698-26-2772,Brenn,Gwyllt,5 Darwin Crossing,bgwylltp2@arizona.edu,1999-10-01,266-501-9333,FALSE
796-90-5962,Egor,Gascar,0704 Londonderry Junction,egascarp3@cbslocal.com,1987-12-23,764-549-2821,FALSE
289-58-9228,Jennilee,Ciani,0240 Oriole Road,jcianip4@google.ca,1964-04-25,142-446-3899,FALSE
338-57-0486,Rogers,Klauer,353 Linden Plaza,rklauerp5@irs.gov,1920-06-16,292-695-2337,FALSE
846-17-0016,Giusto,McCosker,61 Lillian Trail,gmccoskerp6@bigcartel.com,1902-11-20,229-364-5813,FALSE
436-82-7768,Marcella,Shulver,6627 Gina Center,mshulverp7@time.com,1948-02-07,190-690-7594,FALSE
103-65-7299,Deloria,Brigman,2 Heath Way,dbrigmanp8@slideshare.net,1923-05-26,159-815-0247,FALSE
691-76-1627,Gannon,Voice,71697 Autumn Leaf Avenue,gvoicep9@unblog.fr,1982-11-21,899-553-5066,FALSE
532-33-4123,Garrott,Tolomelli,993 Gateway Place,gtolomellipa@dion.ne.jp,1911-05-27,865-781-3560,FALSE
168-21-6037,Rodolph,Lucks,3346 Arapahoe Hill,rluckspb@shareasale.com,1915-11-09,586-859-0421,FALSE
284-90-0398,Margaret,Zannini,01 Ridge Oak Street,mzanninipc@ft.com,1968-12-29,397-184-1798,FALSE
359-52-3992,Saloma,Bote,74 Union Road,sbotepd@gravatar.com,1924-09-08,626-981-6141,FALSE
144-78-1190,Claudelle,Petrushkevich,565 Tomscot Street,cpetrushkevichpe@wunderground.com,1980-06-10,229-285-2198,FALSE
874-38-6442,Caleb,Croker,504 Glendale Junction,ccrokerpf@soundcloud.com,1971-05-25,261-543-8218,FALSE
504-07-0575,Sheba,Taffs,36996 Arrowood Center,staffspg@sohu.com,1979-05-10,950-496-8741,
830-49-9746,Martino,Tomasini,7 Lien Drive,mtomasiniph@noaa.gov,1942-04-04,159-818-1062,
835-58-1405,Arin,Knightsbridge,505 Rieder Way,aknightsbridgepi@nba.com,1946-08-12,123-263-9195,FALSE
670-11-9982,Brittney,Staining,10038 Artisan Trail,bstainingpj@wikipedia.org,1954-03-31,479-818-0534,FALSE
133-73-5102,Sebastiano,Normadell,96 Sheridan Hill,snormadellpk@webmd.com,1930-08-26,979-471-6682,
327-57-2813,Cleon,Durnell,63 Novick Park,cdurnellpl@psu.edu,2001-10-25,158-448-9690,FALSE
121-22-0465,Vivianna,Exroll,7031 Russell Road,vexrollpm@bizjournals.com,1920-05-04,230-698-7578,FALSE
104-59-0619,Ferdinande,Shillan,23400 Summit Lane,fshillanpn@ask.com,1902-10-08,988-679-8228,FALSE
846-51-1663,Ardine,Ciotti,2887 Butterfield Lane,aciottipo@google.ca,1967-05-14,712-308-9358,FALSE
193-29-1649,Sascha,Spear,013 Homewood Alley,sspearpp@about.com,1950-01-18,548-614-3888,FALSE
341-34-7771,Candice,Agnolo,817 Sycamore Alley,cagnolopq@domainmarket.com,1944-03-03,475-207-7677,FALSE
331-75-4399,Esma,Sawtell,3 Sage Alley,esawtellpr@cargocollective.com,1933-09-15,624-803-8618,FALSE
546-99-5701,Nicola,Gosforth,05 Merry Avenue,ngosforthps@nifty.com,1936-05-31,782-695-7466,FALSE
880-17-9941,Jewelle,Tewelson,30 Fremont Avenue,jtewelsonpt@qq.com,1941-09-03,917-545-6186,FALSE
326-46-1289,Ginevra,Braidford,703 Village Court,gbraidfordpu@jugem.jp,1989-03-03,187-407-6876,FALSE
272-58-9376,Ayn,Cristoferi,39280 Elgar Trail,acristoferipv@wiley.com,1985-07-18,356-171-8653,FALSE
658-96-0483,Hobard,Spatarul,11265 Beilfuss Crossing,hspatarulpw@acquirethisname.com,1945-07-21,321-716-7077,FALSE
615-72-1684,Henryetta,Le Batteur,33368 Dapin Street,hlebatteurpx@alibaba.com,1935-12-06,953-800-9664,FALSE
106-57-2372,Jo-ann,Lewknor,21 Vahlen Drive,jlewknorpy@about.me,1935-11-07,935-770-4989,FALSE
410-56-9353,Farrand,Kemmett,9317 Hermina Park,fkemmettpz@163.com,1961-11-25,506-469-2814,FALSE
350-52-0178,Caril,Erbain,54322 Hudson Point,cerbainq0@about.me,1935-11-27,576-673-7867,FALSE
850-95-8330,Micki,Balog,2314 Namekagon Lane,mbalogq1@alibaba.com,1991-09-25,618-842-5834,FALSE
458-27-6485,Payton,Sweedy,556 Transport Pass,psweedyq2@123-reg.co.uk,1965-02-24,526-762-1533,FALSE
571-15-5377,Lowell,Shark,8 Forest Run Trail,lsharkq3@symantec.com,1916-07-01,344-907-5228,FALSE
555-01-5769,Ronni,Woofenden,1 Buell Crossing,rwoofendenq4@yellowbook.com,1952-08-07,160-415-0700,FALSE
118-28-1923,Stanislaw,McMeeking,2 Carey Way,smcmeekingq5@google.com.hk,1963-09-22,647-128-6510,FALSE
262-70-9778,Constancy,Agott,422 Autumn Leaf Junction,cagottq6@bloglovin.com,1967-05-21,992-845-3016,FALSE
210-70-8064,Kerwinn,Attwood,8534 Graedel Circle,kattwoodq7@mysql.com,1963-02-19,276-187-7417,FALSE
499-80-5467,Merwyn,Farreil,937 Grover Place,mfarreilq8@amazonaws.com,1977-09-16,133-809-8165,
671-79-3370,Jethro,Davidde,2132 Chinook Center,jdaviddeq9@patch.com,1933-05-07,351-568-2153,FALSE
384-27-3364,Anne-corinne,Alsford,9736 Prairieview Circle,aalsfordqa@sakura.ne.jp,1949-12-12,954-391-5807,FALSE
879-47-8740,Belita,Plastow,82029 Grim Pass,bplastowqb@twitter.com,1998-09-24,450-678-9426,FALSE
412-39-4305,Web,Priddle,194 Florence Alley,wpriddleqc@bbc.co.uk,1985-03-04,403-484-7357,FALSE
570-07-5995,Isabelle,Kobsch,04595 Bay Alley,ikobschqd@vimeo.com,1979-04-17,986-124-9771,FALSE
767-24-4530,Alix,Tallis,500 Shoshone Plaza,atallisqe@comcast.net,1918-11-01,141-877-3998,FALSE
888-65-5445,Chester,Seys,6914 Bluestem Road,cseysqf@cmu.edu,1945-09-12,921-400-2272,FALSE
816-47-1371,Pall,Heineken,25 Waywood Park,pheinekenqg@imdb.com,1974-09-28,841-988-4388,FALSE
435-61-6233,Myrilla,Loblie,7 Gale Alley,mloblieqh@sciencedaily.com,1951-09-25,927-899-9833,FALSE
544-64-8362,Obed,Whatsize,6 Pine View Street,owhatsizeqi@1und1.de,1939-12-18,483-295-7027,FALSE
826-12-4627,Reggi,Caile,43812 Bluestem Road,rcaileqj@usa.gov,1916-06-30,220-956-3791,FALSE
552-15-9930,Jesse,Ramard,6 Autumn Leaf Road,jramardqk@harvard.edu,1943-01-04,302-838-4569,FALSE
570-81-8658,Thane,Purkis,9 Marcy Street,tpurkisql@census.gov,1967-09-03,901-220-1674,FALSE
492-76-6870,Minnie,Mettrick,5 Mcguire Pass,mmettrickqm@abc.net.au,1942-01-02,147-503-0784,FALSE
882-96-7624,Katine,Yoskowitz,15326 Atwood Court,kyoskowitzqn@clickbank.net,2001-08-03,444-370-6512,FALSE
333-08-4827,Gloriana,Clayhill,507 Division Court,gclayhillqo@sbwire.com,1937-03-30,124-794-0377,FALSE
493-89-4248,Somerset,Pitcher,63 Dryden Way,spitcherqp@360.cn,1958-01-16,534-268-0489,FALSE
804-33-1809,Robyn,Lansdown,252 Del Mar Plaza,rlansdownqq@wikimedia.org,1982-06-17,803-662-4072,FALSE
892-85-5648,Dorette,Fist,3 Ridge Oak Plaza,dfistqr@netlog.com,1961-09-17,617-243-2108,FALSE
814-50-2467,Marjory,Maeer,953 Stoughton Hill,mmaeerqs@photobucket.com,1967-08-05,202-322-1787,FALSE
401-29-2266,Querida,Grinsdale,6 Tomscot Street,qgrinsdaleqt@shareasale.com,1922-05-03,236-839-2231,FALSE
185-40-8991,Maddi,Maskill,37 Hoffman Trail,mmaskillqu@addthis.com,1972-09-17,436-377-4747,FALSE
286-81-9841,Sidnee,O'Loghlen,83 Grover Way,sologhlenqv@ucoz.com,1969-01-19,236-167-1120,FALSE
780-64-4513,Sandie,Malmar,6923 Westerfield Point,smalmarqw@simplemachines.org,1979-08-29,307-346-8521,FALSE
861-97-1170,Boyd,Stenyng,3 Glendale Terrace,bstenyngqx@toplist.cz,1954-08-27,300-496-7789,FALSE
454-81-0300,Gigi,Koschke,227 Reinke Road,gkoschkeqy@unesco.org,1957-12-11,296-710-8272,FALSE
537-68-5327,Raynell,Hankey,89886 Daystar Center,rhankeyqz@wix.com,1923-07-19,575-679-2741,FALSE
596-52-9411,Ettie,Paprotny,30 Barnett Drive,epaprotnyr0@pbs.org,1969-04-05,404-252-3642,
654-67-2786,Alexis,Queyeiro,834 Summer Ridge Pass,aqueyeiror1@ebay.com,1914-01-12,890-765-9066,FALSE
799-12-1742,Thain,Doughton,2 Starling Center,tdoughtonr2@google.it,1980-01-23,822-662-8178,FALSE
222-99-2673,Stanly,Holwell,98545 Debra Plaza,sholwellr3@xrea.com,1990-09-30,506-826-1925,FALSE
446-64-4207,Danell,Hassall,50 Bartelt Trail,dhassallr4@fc2.com,1915-01-03,507-563-2067,FALSE
516-56-0633,Page,Haselgrove,618 Mandrake Lane,phaselgrover5@blogspot.com,1965-04-07,816-872-0467,FALSE
617-96-1887,Lida,Shimmin,35532 Mendota Junction,lshimminr6@mtv.com,1947-01-27,570-713-7174,FALSE
607-06-7347,Zoe,Aires,3 Lakewood Gardens Point,zairesr7@mozilla.com,1925-09-12,115-447-4341,FALSE
435-45-5434,Webb,Haldin,555 Arizona Alley,whaldinr8@twitpic.com,1924-09-16,186-488-0873,FALSE
470-30-3814,Barron,O'Hannen,13202 West Parkway,bohannenr9@ted.com,1943-12-13,780-642-0055,FALSE
894-86-6715,Robbert,Wasson,94692 Hermina Avenue,rwassonra@lulu.com,1981-12-13,654-173-1457,FALSE
353-61-4993,Gert,von Grollmann,103 Ridgeway Place,gvongrollmannrb@devhub.com,1963-09-14,333-227-2800,
182-08-1432,Joannes,Grovier,4 Golden Leaf Lane,jgrovierrc@mediafire.com,1957-09-26,942-829-9283,FALSE
495-93-9936,Dare,Gallo,298 Red Cloud Park,dgallord@amazon.de,1907-07-03,761-222-1521,FALSE
571-26-4394,Ariel,Powling,71 Morningstar Terrace,apowlingre@gnu.org,1983-04-20,976-597-1917,FALSE
501-68-3801,Lil,Sly,7 Emmet Hill,lslyrf@booking.com,1989-11-25,314-887-8049,FALSE
292-39-3989,Peder,Gavaran,956 Amoth Way,pgavaranrg@ehow.com,1964-05-28,578-735-0928,FALSE
628-98-1849,Arturo,Prickett,78260 Atwood Place,aprickettrh@tinypic.com,1986-05-17,458-151-3836,FALSE
619-44-2855,Dee dee,McCollum,88997 Esch Way,dmccollumri@economist.com,1954-03-02,568-588-4766,FALSE
776-20-2791,Grover,McClenaghan,672 Graceland Parkway,gmcclenaghanrj@purevolume.com,1975-02-02,214-258-2923,
330-41-0445,Meggie,Birney,19 Sommers Park,mbirneyrk@vkontakte.ru,1936-12-09,947-143-5020,FALSE
454-02-6501,Arturo,Trewhitt,019 Laurel Pass,atrewhittrl@usgs.gov,1956-03-05,939-354-9026,FALSE
100-46-3280,Windham,Miliffe,1664 Susan Point,wmilifferm@marriott.com,1921-12-02,339-628-4966,FALSE
854-36-1989,Abdel,Oggers,0601 Browning Street,aoggersrn@webs.com,1933-11-12,646-278-8218,FALSE
562-16-9792,Chadwick,Merry,591 Jenifer Avenue,cmerryro@walmart.com,1966-11-24,123-550-6116,FALSE
292-77-0389,Alasteir,Loughney,4486 Menomonie Hill,aloughneyrp@flavors.me,1917-09-28,853-195-6853,FALSE
422-62-9337,Leela,Kirwan,61 Stuart Street,lkirwanrq@devhub.com,1991-04-22,476-576-8991,FALSE
763-76-2886,Thia,Clinkard,79 Ronald Regan Lane,tclinkardrr@xing.com,1965-08-31,719-142-6559,FALSE
